Name,Start,Duration,TID,Category
MoE route,47.343s,304.558 μs,457618,
MegaBlock generate indices,47.3433s,496.010 μs,457618,
MegaBlock padded and reorder tokens,47.3438s,232.504 μs,457618,
MegaBlock generate topo,47.3441s,662.779 μs,457618,
MegaBlock mlp forward,47.3447s,602.932 μs,457618,
MegaBlock reorder and remove padding,47.3453s,167.950 μs,457618,
MegaSparse generate indices,47.3455s,487.360 μs,457618,
MegaSparse generate topo,47.346s,723.473 μs,457618,
MegaSparse mlp forward,47.3468s,243.647 μs,457618,
MoE route,47.347s,263.983 μs,457618,
MegaBlock generate indices,47.3473s,470.686 μs,457618,
MegaBlock padded and reorder tokens,47.3478s,269.113 μs,457618,
MegaBlock generate topo,47.348s,657.977 μs,457618,
MegaBlock mlp forward,47.3487s,601.254 μs,457618,
MegaBlock reorder and remove padding,47.3493s,167.939 μs,457618,
MegaSparse generate indices,47.3495s,497.043 μs,457618,
MegaSparse generate topo,47.35s,692.274 μs,457618,
MegaSparse mlp forward,47.3507s,223.059 μs,457618,
MoE route,47.351s,278.245 μs,457618,
MegaBlock generate indices,47.3512s,444.394 μs,457618,
MegaBlock padded and reorder tokens,47.3517s,244.848 μs,457618,
MegaBlock generate topo,47.3519s,641.602 μs,457618,
MegaBlock mlp forward,47.3526s,594.967 μs,457618,
MegaBlock reorder and remove padding,47.3532s,174.390 μs,457618,
MegaSparse generate indices,47.3534s,506.594 μs,457618,
MegaSparse generate topo,47.3539s,701.171 μs,457618,
MegaSparse mlp forward,47.3546s,266.739 μs,457618,
MoE route,47.3549s,259.721 μs,457618,
MegaBlock generate indices,47.3552s,469.517 μs,457618,
MegaBlock padded and reorder tokens,47.3556s,227.321 μs,457618,
MegaBlock generate topo,47.3559s,639.255 μs,457618,
MegaBlock mlp forward,47.3565s,587.881 μs,457618,
MegaBlock reorder and remove padding,47.3571s,178.222 μs,457618,
MegaSparse generate indices,47.3573s,495.409 μs,457618,
MegaSparse generate topo,47.3578s,722.101 μs,457618,
MegaSparse mlp forward,47.3585s,221.230 μs,457618,
MoE route,47.3588s,256.979 μs,457618,
MegaBlock generate indices,47.359s,458.375 μs,457618,
MegaBlock padded and reorder tokens,47.3595s,240.137 μs,457618,
MegaBlock generate topo,47.3598s,598.206 μs,457618,
MegaBlock mlp forward,47.3604s,612.835 μs,457618,
MegaBlock reorder and remove padding,47.361s,172.332 μs,457618,
MegaSparse generate indices,47.3612s,515.069 μs,457618,
MegaSparse generate topo,47.3617s,684.928 μs,457618,
MegaSparse mlp forward,47.3624s,220.742 μs,457618,
MoE route,47.3626s,276.090 μs,457618,
MegaBlock generate indices,47.3629s,445.554 μs,457618,
MegaBlock padded and reorder tokens,47.3634s,236.381 μs,457618,
MegaBlock generate topo,47.3636s,598.619 μs,457618,
MegaBlock mlp forward,47.3642s,613.386 μs,457618,
MegaBlock reorder and remove padding,47.3648s,163.837 μs,457618,
MegaSparse generate indices,47.365s,519.219 μs,457618,
MegaSparse generate topo,47.3655s,672.562 μs,457618,
MegaSparse mlp forward,47.3662s,224.112 μs,457618,
MoE route,47.3665s,258.568 μs,457618,
MegaBlock generate indices,47.3667s,458.380 μs,457618,
MegaBlock padded and reorder tokens,47.3672s,225.531 μs,457618,
MegaBlock generate topo,47.3674s,602.517 μs,457618,
MegaBlock mlp forward,47.368s,619.381 μs,457618,
MegaBlock reorder and remove padding,47.3687s,174.777 μs,457618,
MegaSparse generate indices,47.3689s,509.316 μs,457618,
MegaSparse generate topo,47.3694s,673.114 μs,457618,
MegaSparse mlp forward,47.3701s,235.625 μs,457618,
MoE route,47.3703s,254.045 μs,457618,
MegaBlock generate indices,47.3706s,454.788 μs,457618,
MegaBlock padded and reorder tokens,47.371s,225.023 μs,457618,
MegaBlock generate topo,47.3713s,588.134 μs,457618,
MegaBlock mlp forward,47.3719s,565.230 μs,457618,
MegaBlock reorder and remove padding,47.3724s,205.759 μs,457618,
MegaSparse generate indices,47.3727s,494.546 μs,457618,
MegaSparse generate topo,47.3732s,706.390 μs,457618,
MegaSparse mlp forward,47.3739s,222.230 μs,457618,
MoE route,47.3741s,252.595 μs,457618,
MegaBlock generate indices,47.3744s,458.552 μs,457618,
MegaBlock padded and reorder tokens,47.3748s,235.424 μs,457618,
MegaBlock generate topo,47.3751s,597.616 μs,457618,
MegaBlock mlp forward,47.3757s,536.940 μs,457618,
MegaBlock reorder and remove padding,47.3762s,167.965 μs,457618,
MegaSparse generate indices,47.3765s,509.562 μs,457618,
MegaSparse generate topo,47.377s,720.886 μs,457618,
MegaSparse mlp forward,47.3777s,217.679 μs,457618,
MoE route,47.3779s,263.503 μs,457618,
MegaBlock generate indices,47.3782s,444.705 μs,457618,
MegaBlock padded and reorder tokens,47.3787s,245.321 μs,457618,
MegaBlock generate topo,47.3789s,591.596 μs,457618,
MegaBlock mlp forward,47.3795s,543.737 μs,457618,
MegaBlock reorder and remove padding,47.38s,153.347 μs,457618,
MegaSparse generate indices,47.3802s,518.811 μs,457618,
MegaSparse generate topo,47.3808s,727.573 μs,457618,
MegaSparse mlp forward,47.3815s,230.694 μs,457618,
MoE route,47.3817s,272.114 μs,457618,
MegaBlock generate indices,47.382s,450.274 μs,457618,
MegaBlock padded and reorder tokens,47.3825s,225.433 μs,457618,
MegaBlock generate topo,47.3827s,589.554 μs,457618,
MegaBlock mlp forward,47.3833s,553.089 μs,457618,
MegaBlock reorder and remove padding,47.3838s,153.284 μs,457618,
MegaSparse generate indices,47.384s,511.384 μs,457618,
MegaSparse generate topo,47.3846s,718.111 μs,457618,
MegaSparse mlp forward,47.3853s,260.977 μs,457618,
MoE route,47.3856s,252.128 μs,457618,
MegaBlock generate indices,47.3858s,452.841 μs,457618,
MegaBlock padded and reorder tokens,47.3863s,225.883 μs,457618,
MegaBlock generate topo,47.3865s,593.956 μs,457618,
MegaBlock mlp forward,47.3871s,546.398 μs,457618,
MegaBlock reorder and remove padding,47.3876s,152.743 μs,457618,
MegaSparse generate indices,47.3878s,487.701 μs,457618,
MegaSparse generate topo,47.3883s,772.868 μs,457618,
MegaSparse mlp forward,47.3891s,241.433 μs,457618,
MoE route,47.3894s,266.754 μs,457618,
MegaBlock generate indices,47.3896s,451.633 μs,457618,
MegaBlock padded and reorder tokens,47.3901s,217.203 μs,457618,
MegaBlock generate topo,47.3903s,593.902 μs,457618,
MegaBlock mlp forward,47.3909s,546.000 μs,457618,
MegaBlock reorder and remove padding,47.3915s,167.776 μs,457618,
MegaSparse generate indices,47.3917s,455.585 μs,457618,
MegaSparse generate topo,47.3921s,796.750 μs,457618,
MegaSparse mlp forward,47.3929s,226.833 μs,457618,
MoE route,47.3932s,266.158 μs,457618,
MegaBlock generate indices,47.3934s,449.289 μs,457618,
MegaBlock padded and reorder tokens,47.3939s,229.794 μs,457618,
MegaBlock generate topo,47.3941s,581.286 μs,457618,
MegaBlock mlp forward,47.3947s,536.020 μs,457618,
MegaBlock reorder and remove padding,47.3953s,169.451 μs,457618,
MegaSparse generate indices,47.3955s,467.145 μs,457618,
MegaSparse generate topo,47.3959s,774.484 μs,457618,
MegaSparse mlp forward,47.3967s,234.762 μs,457618,
MoE route,47.397s,280.655 μs,457618,
MegaBlock generate indices,47.3973s,466.330 μs,457618,
MegaBlock padded and reorder tokens,47.3977s,233.513 μs,457618,
MegaBlock generate topo,47.398s,582.570 μs,457618,
MegaBlock mlp forward,47.3985s,561.537 μs,457618,
MegaBlock reorder and remove padding,47.3991s,160.271 μs,457618,
MegaSparse generate indices,47.3993s,497.364 μs,457618,
MegaSparse generate topo,47.3998s,809.511 μs,457618,
MegaSparse mlp forward,47.4006s,233.048 μs,457618,
MoE route,47.4009s,261.279 μs,457618,
MegaBlock generate indices,47.4011s,479.232 μs,457618,
MegaBlock padded and reorder tokens,47.4016s,220.859 μs,457618,
MegaBlock generate topo,47.4019s,584.031 μs,457618,
MegaBlock mlp forward,47.4024s,536.422 μs,457618,
MegaBlock reorder and remove padding,47.403s,157.499 μs,457618,
MegaSparse generate indices,47.4032s,471.010 μs,457618,
MegaSparse generate topo,47.4036s,787.476 μs,457618,
MegaSparse mlp forward,47.4044s,243.296 μs,457618,
MoE route,47.4047s,263.225 μs,457618,
MegaBlock generate indices,47.405s,465.906 μs,457618,
MegaBlock padded and reorder tokens,47.4054s,227.911 μs,457618,
MegaBlock generate topo,47.4057s,581.090 μs,457618,
MegaBlock mlp forward,47.4063s,536.307 μs,457618,
MegaBlock reorder and remove padding,47.4068s,151.946 μs,457618,
MegaSparse generate indices,47.407s,452.649 μs,457618,
MegaSparse generate topo,47.4074s,800.276 μs,457618,
MegaSparse mlp forward,47.4082s,251.342 μs,457618,
MoE route,47.4085s,257.014 μs,457618,
MegaBlock generate indices,47.4088s,466.116 μs,457618,
MegaBlock padded and reorder tokens,47.4093s,258.708 μs,457618,
MegaBlock generate topo,47.4095s,583.850 μs,457618,
MegaBlock mlp forward,47.4101s,546.854 μs,457618,
MegaBlock reorder and remove padding,47.4107s,155.272 μs,457618,
MegaSparse generate indices,47.4108s,466.956 μs,457618,
MegaSparse generate topo,47.4113s,770.517 μs,457618,
MegaSparse mlp forward,47.4121s,213.523 μs,457618,
MoE route,47.4123s,277.859 μs,457618,
MegaBlock generate indices,47.4126s,432.732 μs,457618,
MegaBlock padded and reorder tokens,47.413s,231.545 μs,457618,
MegaBlock generate topo,47.4133s,579.684 μs,457618,
MegaBlock mlp forward,47.4139s,538.432 μs,457618,
MegaBlock reorder and remove padding,47.4144s,155.026 μs,457618,
MegaSparse generate indices,47.4146s,464.565 μs,457618,
MegaSparse generate topo,47.4151s,771.438 μs,457618,
MegaSparse mlp forward,47.4158s,217.519 μs,457618,
MoE route,47.4161s,262.137 μs,457618,
MegaBlock generate indices,47.4163s,460.799 μs,457618,
MegaBlock padded and reorder tokens,47.4168s,222.107 μs,457618,
MegaBlock generate topo,47.417s,583.763 μs,457618,
MegaBlock mlp forward,47.4176s,539.806 μs,457618,
MegaBlock reorder and remove padding,47.4182s,150.552 μs,457618,
MegaSparse generate indices,47.4183s,466.784 μs,457618,
MegaSparse generate topo,47.4188s,781.297 μs,457618,
MegaSparse mlp forward,47.4196s,232.656 μs,457618,
MoE route,47.4198s,245.948 μs,457618,
MegaBlock generate indices,47.4201s,458.711 μs,457618,
MegaBlock padded and reorder tokens,47.4206s,214.604 μs,457618,
MegaBlock generate topo,47.4208s,627.997 μs,457618,
MegaBlock mlp forward,47.4214s,583.592 μs,457618,
MegaBlock reorder and remove padding,47.422s,155.191 μs,457618,
MegaSparse generate indices,47.4222s,471.994 μs,457618,
MegaSparse generate topo,47.4227s,747.595 μs,457618,
MegaSparse mlp forward,47.4234s,228.567 μs,457618,
MoE route,47.4237s,249.877 μs,457618,
MegaBlock generate indices,47.4239s,439.685 μs,457618,
MegaBlock padded and reorder tokens,47.4244s,231.192 μs,457618,
MegaBlock generate topo,47.4246s,571.033 μs,457618,
MegaBlock mlp forward,47.4252s,628.311 μs,457618,
MegaBlock reorder and remove padding,47.4258s,169.105 μs,457618,
MegaSparse generate indices,47.426s,453.694 μs,457618,
MegaSparse generate topo,47.4265s,707.314 μs,457618,
MegaSparse mlp forward,47.4272s,223.717 μs,457618,
MoE route,47.4274s,245.124 μs,457618,
MegaBlock generate indices,47.4277s,448.814 μs,457618,
MegaBlock padded and reorder tokens,47.4281s,231.284 μs,457618,
MegaBlock generate topo,47.4283s,584.389 μs,457618,
MegaBlock mlp forward,47.4289s,521.279 μs,457618,
MegaBlock reorder and remove padding,47.4295s,167.181 μs,457618,
MegaSparse generate indices,47.4297s,446.314 μs,457618,
MegaSparse generate topo,47.4301s,802.995 μs,457618,
MegaSparse mlp forward,47.4309s,216.046 μs,457618,
MoE route,47.4312s,257.459 μs,457618,
MegaBlock generate indices,47.4314s,429.992 μs,457618,
MegaBlock padded and reorder tokens,47.4319s,231.376 μs,457618,
MegaBlock generate topo,47.4321s,587.799 μs,457618,
MegaBlock mlp forward,47.4327s,535.083 μs,457618,
MegaBlock reorder and remove padding,47.4332s,160.326 μs,457618,
MegaSparse generate indices,47.4334s,468.557 μs,457618,
MegaSparse generate topo,47.4339s,758.040 μs,457618,
MegaSparse mlp forward,47.4346s,213.200 μs,457618,
MoE route,47.4349s,263.591 μs,457618,
MegaBlock generate indices,47.4351s,427.165 μs,457618,
MegaBlock padded and reorder tokens,47.4356s,229.566 μs,457618,
MegaBlock generate topo,47.4358s,579.699 μs,457618,
MegaBlock mlp forward,47.4364s,543.773 μs,457618,
MegaBlock reorder and remove padding,47.4369s,152.195 μs,457618,
MegaSparse generate indices,47.4371s,466.258 μs,457618,
MegaSparse generate topo,47.4376s,765.826 μs,457618,
MegaSparse mlp forward,47.4384s,220.525 μs,457618,
MoE route,47.4386s,260.965 μs,457618,
MegaBlock generate indices,47.4389s,441.212 μs,457618,
MegaBlock padded and reorder tokens,47.4393s,217.154 μs,457618,
MegaBlock generate topo,47.4395s,577.509 μs,457618,
MegaBlock mlp forward,47.4401s,544.651 μs,457618,
MegaBlock reorder and remove padding,47.4407s,151.376 μs,457618,
MegaSparse generate indices,47.4408s,467.123 μs,457618,
MegaSparse generate topo,47.4413s,772.223 μs,457618,
MegaSparse mlp forward,47.4421s,229.678 μs,457618,
MoE route,47.4423s,242.756 μs,457618,
MegaBlock generate indices,47.4426s,443.200 μs,457618,
MegaBlock padded and reorder tokens,47.443s,222.844 μs,457618,
MegaBlock generate topo,47.4433s,582.715 μs,457618,
MegaBlock mlp forward,47.4438s,537.763 μs,457618,
MegaBlock reorder and remove padding,47.4444s,163.818 μs,457618,
MegaSparse generate indices,47.4446s,467.394 μs,457618,
MegaSparse generate topo,47.4451s,757.787 μs,457618,
MegaSparse mlp forward,47.4458s,234.441 μs,457618,
MoE route,47.4461s,246.792 μs,457618,
MegaBlock generate indices,47.4463s,446.122 μs,457618,
MegaBlock padded and reorder tokens,47.4468s,215.246 μs,457618,
MegaBlock generate topo,47.447s,581.302 μs,457618,
MegaBlock mlp forward,47.4476s,546.012 μs,457618,
MegaBlock reorder and remove padding,47.4481s,153.164 μs,457618,
MegaSparse generate indices,47.4483s,478.772 μs,457618,
MegaSparse generate topo,47.4488s,791.476 μs,457618,
MegaSparse mlp forward,47.4496s,219.806 μs,457618,
MoE route,47.4498s,245.931 μs,457618,
MegaBlock generate indices,47.4501s,448.992 μs,457618,
MegaBlock padded and reorder tokens,47.4505s,213.787 μs,457618,
MegaBlock generate topo,47.4507s,582.284 μs,457618,
MegaBlock mlp forward,47.4513s,544.848 μs,457618,
MegaBlock reorder and remove padding,47.4519s,166.538 μs,457618,
MegaSparse generate indices,47.4521s,464.607 μs,457618,
MegaSparse generate topo,47.4526s,786.922 μs,457618,
MegaSparse mlp forward,47.4533s,216.044 μs,457618,
MoE route,47.4536s,261.738 μs,457618,
MegaBlock generate indices,47.4538s,428.572 μs,457618,
MegaBlock padded and reorder tokens,47.4543s,231.518 μs,457618,
MegaBlock generate topo,47.4545s,569.591 μs,457618,
MegaBlock mlp forward,47.4551s,531.852 μs,457618,
MegaBlock reorder and remove padding,47.4556s,163.923 μs,457618,
MegaSparse generate indices,47.4558s,469.240 μs,457618,
MegaSparse generate topo,47.4563s,769.112 μs,457618,
MegaSparse mlp forward,47.4571s,219.313 μs,457618,
MoE route,47.4573s,258.545 μs,457618,
MegaBlock generate indices,47.4576s,436.536 μs,457618,
MegaBlock padded and reorder tokens,47.458s,225.751 μs,457618,
MegaBlock generate topo,47.4582s,575.148 μs,457618,
MegaBlock mlp forward,47.4588s,542.231 μs,457618,
MegaBlock reorder and remove padding,47.4594s,153.840 μs,457618,
MegaSparse generate indices,47.4595s,464.098 μs,457618,
MegaSparse generate topo,47.46s,776.297 μs,457618,
MegaSparse mlp forward,47.4608s,215.058 μs,457618,
MoE route,47.461s,264.920 μs,457618,
MegaBlock generate indices,47.4613s,999.983 μs,457618,
MegaBlock padded and reorder tokens,47.4623s,231.594 μs,457618,
MegaBlock generate topo,47.4625s,632.645 μs,457618,
MegaBlock mlp forward,47.4632s,665.999 μs,457618,
MegaBlock reorder and remove padding,47.4638s,172.216 μs,457618,
MegaSparse generate indices,47.4641s,517.551 μs,457618,
MegaSparse generate topo,47.4646s,704.443 μs,457618,
MegaSparse mlp forward,47.4653s,1.002 ms,457618,
MoE route,47.4663s,681.146 μs,457618,
MegaBlock generate indices,47.467s,464.770 μs,457618,
MegaBlock padded and reorder tokens,47.4675s,236.165 μs,457618,
MegaBlock generate topo,47.4677s,591.516 μs,457618,
MegaBlock mlp forward,47.4683s,1.277 ms,457618,
MegaBlock reorder and remove padding,47.4696s,163.150 μs,457618,
MegaSparse generate indices,47.4698s,495.940 μs,457618,
MegaSparse generate topo,47.4703s,703.555 μs,457618,
MegaSparse mlp forward,47.471s,242.085 μs,457618,
MoE route,47.4713s,287.482 μs,457618,
MegaBlock generate indices,47.4715s,469.290 μs,457618,
MegaBlock padded and reorder tokens,47.472s,238.122 μs,457618,
MegaBlock generate topo,47.4723s,625.270 μs,457618,
MegaBlock mlp forward,47.4729s,574.312 μs,457618,
MegaBlock reorder and remove padding,47.4735s,161.657 μs,457618,
MegaSparse generate indices,47.4737s,497.240 μs,457618,
MegaSparse generate topo,47.4742s,724.931 μs,457618,
MegaSparse mlp forward,47.4749s,244.767 μs,457618,
MoE route,47.4752s,262.180 μs,457618,
MegaBlock generate indices,47.4754s,470.043 μs,457618,
MegaBlock padded and reorder tokens,47.4759s,230.895 μs,457618,
MegaBlock generate topo,47.4761s,625.762 μs,457618,
MegaBlock mlp forward,47.4768s,577.566 μs,457618,
MegaBlock reorder and remove padding,47.4773s,177.084 μs,457618,
MegaSparse generate indices,47.4776s,494.149 μs,457618,
MegaSparse generate topo,47.4781s,728.384 μs,457618,
MegaSparse mlp forward,47.4788s,232.542 μs,457618,
MoE route,47.479s,274.623 μs,457618,
MegaBlock generate indices,47.4793s,457.832 μs,457618,
MegaBlock padded and reorder tokens,47.4798s,243.841 μs,457618,
MegaBlock generate topo,47.48s,623.441 μs,457618,
MegaBlock mlp forward,47.4807s,576.047 μs,457618,
MegaBlock reorder and remove padding,47.4812s,160.686 μs,457618,
MegaSparse generate indices,47.4814s,493.549 μs,457618,
MegaSparse generate topo,47.4819s,712.518 μs,457618,
MegaSparse mlp forward,47.4826s,249.843 μs,457618,
MoE route,47.4829s,261.839 μs,457618,
MegaBlock generate indices,47.4832s,470.568 μs,457618,
MegaBlock padded and reorder tokens,47.4837s,227.779 μs,457618,
MegaBlock generate topo,47.4839s,637.952 μs,457618,
MegaBlock mlp forward,47.4845s,579.715 μs,457618,
MegaBlock reorder and remove padding,47.4851s,161.941 μs,457618,
MegaSparse generate indices,47.4853s,478.204 μs,457618,
MegaSparse generate topo,47.4858s,744.116 μs,457618,
MegaSparse mlp forward,47.4866s,226.152 μs,457618,
MoE route,47.4868s,274.785 μs,457618,
MegaBlock generate indices,47.4871s,476.639 μs,457618,
MegaBlock padded and reorder tokens,47.4876s,246.965 μs,457618,
MegaBlock generate topo,47.4878s,627.172 μs,457618,
MegaBlock mlp forward,47.4884s,592.960 μs,457618,
MegaBlock reorder and remove padding,47.489s,167.705 μs,457618,
MegaSparse generate indices,47.4892s,489.946 μs,457618,
MegaSparse generate topo,47.4897s,704.341 μs,457618,
MegaSparse mlp forward,47.4904s,239.301 μs,457618,
MoE route,47.4907s,284.168 μs,457618,
MegaBlock generate indices,47.491s,467.118 μs,457618,
MegaBlock padded and reorder tokens,47.4915s,227.260 μs,457618,
MegaBlock generate topo,47.4917s,611.610 μs,457618,
MegaBlock mlp forward,47.4923s,582.346 μs,457618,
MegaBlock reorder and remove padding,47.4929s,160.646 μs,457618,
MegaSparse generate indices,47.4931s,486.887 μs,457618,
MegaSparse generate topo,47.4936s,734.391 μs,457618,
MegaSparse mlp forward,47.4943s,245.895 μs,457618,
MoE route,47.4946s,260.069 μs,457618,
MegaBlock generate indices,47.4949s,468.369 μs,457618,
MegaBlock padded and reorder tokens,47.4953s,227.504 μs,457618,
MegaBlock generate topo,47.4956s,614.330 μs,457618,
MegaBlock mlp forward,47.4962s,585.135 μs,457618,
MegaBlock reorder and remove padding,47.4968s,179.766 μs,457618,
MegaSparse generate indices,47.497s,497.489 μs,457618,
MegaSparse generate topo,47.4975s,719.261 μs,457618,
MegaSparse mlp forward,47.4982s,227.437 μs,457618,
MoE route,47.4985s,274.542 μs,457618,
MegaBlock generate indices,47.4987s,459.287 μs,457618,
MegaBlock padded and reorder tokens,47.4992s,241.026 μs,457618,
MegaBlock generate topo,47.4994s,615.395 μs,457618,
MegaBlock mlp forward,47.5001s,604.689 μs,457618,
MegaBlock reorder and remove padding,47.5007s,163.751 μs,457618,
MegaSparse generate indices,47.5009s,504.147 μs,457618,
MegaSparse generate topo,47.5014s,671.648 μs,457618,
MegaSparse mlp forward,47.5021s,239.121 μs,457618,
MoE route,47.5023s,291.165 μs,457618,
MegaBlock generate indices,47.5026s,469.288 μs,457618,
MegaBlock padded and reorder tokens,47.5031s,229.638 μs,457618,
MegaBlock generate topo,47.5033s,616.834 μs,457618,
MegaBlock mlp forward,47.5039s,607.075 μs,457618,
MegaBlock reorder and remove padding,47.5045s,155.424 μs,457618,
MegaSparse generate indices,47.5047s,468.248 μs,457618,
MegaSparse generate topo,47.5052s,731.408 μs,457618,
MegaSparse mlp forward,47.5059s,230.236 μs,457618,
MoE route,47.5062s,247.860 μs,457618,
MegaBlock generate indices,47.5065s,452.668 μs,457618,
MegaBlock padded and reorder tokens,47.5069s,216.177 μs,457618,
MegaBlock generate topo,47.5071s,596.166 μs,457618,
MegaBlock mlp forward,47.5077s,550.786 μs,457618,
MegaBlock reorder and remove padding,47.5083s,186.209 μs,457618,
MegaSparse generate indices,47.5085s,456.685 μs,457618,
MegaSparse generate topo,47.509s,786.583 μs,457618,
MegaSparse mlp forward,47.5097s,225.923 μs,457618,
MoE route,47.51s,263.316 μs,457618,
MegaBlock generate indices,47.5103s,436.221 μs,457618,
MegaBlock padded and reorder tokens,47.5107s,229.026 μs,457618,
MegaBlock generate topo,47.5109s,585.604 μs,457618,
MegaBlock mlp forward,47.5115s,527.303 μs,457618,
MegaBlock reorder and remove padding,47.5121s,165.257 μs,457618,
MegaSparse generate indices,47.5123s,480.446 μs,457618,
MegaSparse generate topo,47.5127s,758.727 μs,457618,
MegaSparse mlp forward,47.5135s,228.041 μs,457618,
MoE route,47.5137s,262.623 μs,457618,
MegaBlock generate indices,47.514s,464.295 μs,457618,
MegaBlock padded and reorder tokens,47.5145s,244.704 μs,457618,
MegaBlock generate topo,47.5147s,613.113 μs,457618,
MegaBlock mlp forward,47.5153s,585.082 μs,457618,
MegaBlock reorder and remove padding,47.5159s,161.570 μs,457618,
MegaSparse generate indices,47.5161s,516.731 μs,457618,
MegaSparse generate topo,47.5167s,696.633 μs,457618,
MegaSparse mlp forward,47.5174s,228.213 μs,457618,
MoE route,47.5176s,246.783 μs,457618,
MegaBlock generate indices,47.5179s,445.872 μs,457618,
MegaBlock padded and reorder tokens,47.5183s,226.689 μs,457618,
MegaBlock generate topo,47.5185s,576.016 μs,457618,
MegaBlock mlp forward,47.5191s,545.922 μs,457618,
MegaBlock reorder and remove padding,47.5197s,153.793 μs,457618,
MegaSparse generate indices,47.5199s,481.282 μs,457618,
MegaSparse generate topo,47.5203s,751.860 μs,457618,
MegaSparse mlp forward,47.5211s,250.504 μs,457618,
MoE route,47.5214s,261.393 μs,457618,
MegaBlock generate indices,47.5216s,501.019 μs,457618,
MegaBlock padded and reorder tokens,47.5221s,217.231 μs,457618,
MegaBlock generate topo,47.5224s,583.096 μs,457618,
MegaBlock mlp forward,47.5229s,546.148 μs,457618,
MegaBlock reorder and remove padding,47.5235s,152.354 μs,457618,
MegaSparse generate indices,47.5237s,455.167 μs,457618,
MegaSparse generate topo,47.5241s,797.451 μs,457618,
MegaSparse mlp forward,47.5249s,217.706 μs,457618,
MoE route,47.5252s,277.290 μs,457618,
MegaBlock generate indices,47.5255s,477.776 μs,457618,
MegaBlock padded and reorder tokens,47.526s,251.023 μs,457618,
MegaBlock generate topo,47.5262s,603.808 μs,457618,
MegaBlock mlp forward,47.5268s,559.220 μs,457618,
MegaBlock reorder and remove padding,47.5274s,154.766 μs,457618,
MegaSparse generate indices,47.5276s,481.386 μs,457618,
MegaSparse generate topo,47.528s,752.063 μs,457618,
MegaSparse mlp forward,47.5288s,218.510 μs,457618,
MoE route,47.529s,267.376 μs,457618,
MegaBlock generate indices,47.5293s,468.631 μs,457618,
MegaBlock padded and reorder tokens,47.5298s,221.079 μs,457618,
MegaBlock generate topo,47.53s,588.304 μs,457618,
MegaBlock mlp forward,47.5306s,544.268 μs,457618,
MegaBlock reorder and remove padding,47.5311s,151.088 μs,457618,
MegaSparse generate indices,47.5313s,645.181 μs,457618,
MegaSparse generate topo,47.532s,601.471 μs,457618,
MegaSparse mlp forward,47.5326s,232.514 μs,457618,
MoE route,47.5328s,248.610 μs,457618,
MegaBlock generate indices,47.5331s,449.737 μs,457618,
MegaBlock padded and reorder tokens,47.5336s,218.216 μs,457618,
MegaBlock generate topo,47.5338s,644.676 μs,457618,
MegaBlock mlp forward,47.5344s,591.357 μs,457618,
MegaBlock reorder and remove padding,47.535s,167.690 μs,457618,
MegaSparse generate indices,47.5352s,467.944 μs,457618,
MegaSparse generate topo,47.5357s,761.331 μs,457618,
MegaSparse mlp forward,47.5365s,249.127 μs,457618,
MoE route,47.5367s,263.304 μs,457618,
MegaBlock generate indices,47.537s,474.587 μs,457618,
MegaBlock padded and reorder tokens,47.5375s,229.425 μs,457618,
MegaBlock generate topo,47.5377s,610.431 μs,457618,
MegaBlock mlp forward,47.5383s,542.538 μs,457618,
MegaBlock reorder and remove padding,47.5389s,172.932 μs,457618,
MegaSparse generate indices,47.5391s,455.037 μs,457618,
MegaSparse generate topo,47.5395s,776.483 μs,457618,
MegaSparse mlp forward,47.5403s,269.635 μs,457618,
MoE route,47.5406s,276.731 μs,457618,
MegaBlock generate indices,47.5409s,462.463 μs,457618,
MegaBlock padded and reorder tokens,47.5414s,243.379 μs,457618,
MegaBlock generate topo,47.5416s,613.636 μs,457618,
MegaBlock mlp forward,47.5422s,579.570 μs,457618,
MegaBlock reorder and remove padding,47.5428s,152.580 μs,457618,
MegaSparse generate indices,47.543s,493.425 μs,457618,
MegaSparse generate topo,47.5435s,736.169 μs,457618,
MegaSparse mlp forward,47.5442s,265.872 μs,457618,
MoE route,47.5445s,260.960 μs,457618,
MegaBlock generate indices,47.5448s,479.971 μs,457618,
MegaBlock padded and reorder tokens,47.5453s,237.993 μs,457618,
MegaBlock generate topo,47.5455s,626.121 μs,457618,
MegaBlock mlp forward,47.5461s,595.379 μs,457618,
MegaBlock reorder and remove padding,47.5467s,169.077 μs,457618,
MegaSparse generate indices,47.5469s,459.360 μs,457618,
MegaSparse generate topo,47.5474s,747.256 μs,457618,
MegaSparse mlp forward,47.5482s,217.560 μs,457618,
MoE route,47.5484s,281.324 μs,457618,
MegaBlock generate indices,47.5487s,492.088 μs,457618,
MegaBlock padded and reorder tokens,47.5492s,246.076 μs,457618,
MegaBlock generate topo,47.5494s,601.947 μs,457618,
MegaBlock mlp forward,47.55s,548.760 μs,457618,
MegaBlock reorder and remove padding,47.5506s,157.411 μs,457618,
MegaSparse generate indices,47.5508s,474.502 μs,457618,
MegaSparse generate topo,47.5513s,765.990 μs,457618,
MegaSparse mlp forward,47.552s,236.784 μs,457618,
MoE route,47.5523s,294.618 μs,457618,
MegaBlock generate indices,47.5526s,475.363 μs,457618,
MegaBlock padded and reorder tokens,47.5531s,246.863 μs,457618,
MegaBlock generate topo,47.5533s,611.937 μs,457618,
MegaBlock mlp forward,47.5539s,548.199 μs,457618,
MegaBlock reorder and remove padding,47.5545s,152.912 μs,457618,
MegaSparse generate indices,47.5547s,486.452 μs,457618,
MegaSparse generate topo,47.5552s,755.845 μs,457618,
MegaSparse mlp forward,47.5559s,233.403 μs,457618,
MoE route,47.5562s,279.063 μs,457618,
MegaBlock generate indices,47.5565s,475.539 μs,457618,
MegaBlock padded and reorder tokens,47.5569s,227.702 μs,457618,
MegaBlock generate topo,47.5572s,616.490 μs,457618,
MegaBlock mlp forward,47.5578s,549.173 μs,457618,
MegaBlock reorder and remove padding,47.5583s,152.490 μs,457618,
MegaSparse generate indices,47.5585s,458.785 μs,457618,
MegaSparse generate topo,47.559s,789.214 μs,457618,
MegaSparse mlp forward,47.5598s,227.338 μs,457618,
MoE route,47.56s,251.923 μs,457618,
MegaBlock generate indices,47.5603s,487.286 μs,457618,
MegaBlock padded and reorder tokens,47.5608s,246.614 μs,457618,
MegaBlock generate topo,47.561s,614.538 μs,457618,
MegaBlock mlp forward,47.5617s,542.468 μs,457618,
MegaBlock reorder and remove padding,47.5622s,155.875 μs,457618,
MegaSparse generate indices,47.5624s,470.421 μs,457618,
MegaSparse generate topo,47.5629s,753.285 μs,457618,
MegaSparse mlp forward,47.5636s,221.980 μs,457618,
MoE route,47.5639s,265.904 μs,457618,
MegaBlock generate indices,47.5641s,475.382 μs,457618,
MegaBlock padded and reorder tokens,47.5646s,242.050 μs,457618,
MegaBlock generate topo,47.5649s,607.471 μs,457618,
MegaBlock mlp forward,47.5655s,553.614 μs,457618,
MegaBlock reorder and remove padding,47.566s,153.637 μs,457618,
MegaSparse generate indices,47.5662s,469.555 μs,457618,
MegaSparse generate topo,47.5667s,777.117 μs,457618,
MegaSparse mlp forward,47.5675s,228.138 μs,457618,
MoE route,47.5677s,248.183 μs,457618,
MegaBlock generate indices,47.568s,480.616 μs,457618,
MegaBlock padded and reorder tokens,47.5685s,230.611 μs,457618,
MegaBlock generate topo,47.5687s,620.009 μs,457618,
MegaBlock mlp forward,47.5693s,575.252 μs,457618,
MegaBlock reorder and remove padding,47.5699s,152.831 μs,457618,
MegaSparse generate indices,47.5701s,479.806 μs,457618,
MegaSparse generate topo,47.5706s,756.286 μs,457618,
MegaSparse mlp forward,47.5713s,228.963 μs,457618,
MoE route,47.5716s,252.570 μs,457618,
MegaBlock generate indices,47.5718s,449.731 μs,457618,
MegaBlock padded and reorder tokens,47.5723s,250.845 μs,457618,
MegaBlock generate topo,47.5725s,618.672 μs,457618,
MegaBlock mlp forward,47.5732s,582.047 μs,457618,
MegaBlock reorder and remove padding,47.5737s,166.668 μs,457618,
MegaSparse generate indices,47.5739s,467.432 μs,457618,
MegaSparse generate topo,47.5744s,769.117 μs,457618,
MegaSparse mlp forward,47.5752s,228.255 μs,457618,
MoE route,47.5754s,258.403 μs,457618,
MegaBlock generate indices,47.5757s,436.042 μs,457618,
MegaBlock padded and reorder tokens,47.5761s,234.646 μs,457618,
MegaBlock generate topo,47.5764s,651.016 μs,457618,
MegaBlock mlp forward,47.577s,578.218 μs,457618,
MegaBlock reorder and remove padding,47.5776s,155.349 μs,457618,
MegaSparse generate indices,47.5778s,468.974 μs,457618,
MegaSparse generate topo,47.5783s,744.584 μs,457618,
MegaSparse mlp forward,47.579s,216.745 μs,457618,
MoE route,47.5793s,261.352 μs,457618,
MegaBlock generate indices,47.5795s,444.224 μs,457618,
MegaBlock padded and reorder tokens,47.58s,215.822 μs,457618,
MegaBlock generate topo,47.5802s,641.428 μs,457618,
MegaBlock mlp forward,47.5808s,576.824 μs,457618,
MegaBlock reorder and remove padding,47.5814s,169.318 μs,457618,
MegaSparse generate indices,47.5816s,468.763 μs,457618,
MegaSparse generate topo,47.5821s,737.200 μs,457618,
MegaSparse mlp forward,47.5828s,242.349 μs,457618,
MoE route,47.5831s,249.754 μs,457618,
MegaBlock generate indices,47.5834s,463.622 μs,457618,
MegaBlock padded and reorder tokens,47.5838s,215.818 μs,457618,
MegaBlock generate topo,47.584s,632.902 μs,457618,
MegaBlock mlp forward,47.5847s,577.854 μs,457618,
MegaBlock reorder and remove padding,47.5853s,174.632 μs,457618,
MegaSparse generate indices,47.5855s,466.122 μs,457618,
MegaSparse generate topo,47.5859s,758.855 μs,457618,
MegaSparse mlp forward,47.5867s,215.556 μs,457618,
MoE route,47.5869s,247.425 μs,457618,
MegaBlock generate indices,47.5872s,442.511 μs,457618,
MegaBlock padded and reorder tokens,47.5876s,226.400 μs,457618,
MegaBlock generate topo,47.5879s,609.949 μs,457618,
MegaBlock mlp forward,47.5885s,562.213 μs,457618,
MegaBlock reorder and remove padding,47.589s,175.777 μs,457618,
MegaSparse generate indices,47.5893s,491.548 μs,457618,
MegaSparse generate topo,47.5898s,731.945 μs,457618,
MegaSparse mlp forward,47.5905s,217.440 μs,457618,
MoE route,47.5907s,256.976 μs,457618,
MegaBlock generate indices,47.591s,434.336 μs,457618,
MegaBlock padded and reorder tokens,47.5914s,241.243 μs,457618,
MegaBlock generate topo,47.5917s,579.607 μs,457618,
MegaBlock mlp forward,47.5923s,595.915 μs,457618,
MegaBlock reorder and remove padding,47.5928s,163.078 μs,457618,
MegaSparse generate indices,47.5931s,502.203 μs,457618,
MegaSparse generate topo,47.5936s,709.135 μs,457618,
MegaSparse mlp forward,47.5943s,219.566 μs,457618,
MoE route,47.5945s,266.491 μs,457618,
MegaBlock generate indices,47.5948s,451.569 μs,457618,
MegaBlock padded and reorder tokens,47.5952s,217.904 μs,457618,
MegaBlock generate topo,47.5955s,580.355 μs,457618,
MegaBlock mlp forward,47.596s,576.194 μs,457618,
MegaBlock reorder and remove padding,47.5966s,162.261 μs,457618,
MegaSparse generate indices,47.5968s,495.056 μs,457618,
MegaSparse generate topo,47.5973s,705.352 μs,457618,
MegaSparse mlp forward,47.598s,235.915 μs,457618,
MoE route,47.5983s,248.555 μs,457618,
MegaBlock generate indices,47.5985s,445.870 μs,457618,
MegaBlock padded and reorder tokens,47.599s,216.843 μs,457618,
MegaBlock generate topo,47.5992s,584.716 μs,457618,
MegaBlock mlp forward,47.5998s,549.881 μs,457618,
MegaBlock reorder and remove padding,47.6003s,184.981 μs,457618,
MegaSparse generate indices,47.6006s,495.493 μs,457618,
MegaSparse generate topo,47.6011s,702.468 μs,457618,
MegaSparse mlp forward,47.6018s,233.237 μs,457618,
MoE route,47.602s,247.840 μs,457618,
MegaBlock generate indices,47.6023s,443.936 μs,457618,
MegaBlock padded and reorder tokens,47.6027s,222.245 μs,457618,
MegaBlock generate topo,47.603s,581.644 μs,457618,
MegaBlock mlp forward,47.6035s,555.209 μs,457618,
MegaBlock reorder and remove padding,47.6041s,153.386 μs,457618,
MegaSparse generate indices,47.6043s,490.563 μs,457618,
MegaSparse generate topo,47.6048s,751.363 μs,457618,
MegaSparse mlp forward,47.6055s,238.347 μs,457618,
MoE route,47.6058s,248.747 μs,457618,
MegaBlock generate indices,47.606s,445.910 μs,457618,
MegaBlock padded and reorder tokens,47.6065s,214.943 μs,457618,
MegaBlock generate topo,47.6067s,591.461 μs,457618,
MegaBlock mlp forward,47.6073s,538.934 μs,457618,
MegaBlock reorder and remove padding,47.6078s,162.505 μs,457618,
MegaSparse generate indices,47.608s,472.135 μs,457618,
MegaSparse generate topo,47.6085s,784.715 μs,457618,
MegaSparse mlp forward,47.6093s,222.822 μs,457618,
MoE route,47.6096s,246.359 μs,457618,
MegaBlock generate indices,47.6098s,452.996 μs,457618,
MegaBlock padded and reorder tokens,47.6103s,229.188 μs,457618,
MegaBlock generate topo,47.6105s,584.639 μs,457618,
MegaBlock mlp forward,47.6111s,528.816 μs,457618,
MegaBlock reorder and remove padding,47.6116s,169.905 μs,457618,
MegaSparse generate indices,47.6118s,470.738 μs,457618,
MegaSparse generate topo,47.6123s,770.678 μs,457618,
MegaSparse mlp forward,47.6131s,216.465 μs,457618,
MoE route,47.6133s,263.357 μs,457618,
MegaBlock generate indices,47.6136s,432.211 μs,457618,
MegaBlock padded and reorder tokens,47.614s,234.503 μs,457618,
MegaBlock generate topo,47.6142s,584.332 μs,457618,
MegaBlock mlp forward,47.6148s,537.203 μs,457618,
MegaBlock reorder and remove padding,47.6154s,152.293 μs,457618,
MegaSparse generate indices,47.6156s,467.991 μs,457618,
MegaSparse generate topo,47.616s,774.312 μs,457618,
MegaSparse mlp forward,47.6168s,219.127 μs,457618,
MoE route,47.6171s,264.542 μs,457618,
MegaBlock generate indices,47.6173s,445.793 μs,457618,
MegaBlock padded and reorder tokens,47.6178s,220.066 μs,457618,
MegaBlock generate topo,47.618s,580.134 μs,457618,
MegaBlock mlp forward,47.6186s,536.578 μs,457618,
MegaBlock reorder and remove padding,47.6191s,161.317 μs,457618,
MegaSparse generate indices,47.6193s,472.881 μs,457618,
MegaSparse generate topo,47.6198s,770.812 μs,457618,
MegaSparse mlp forward,47.6206s,225.888 μs,457618,
MoE route,47.6208s,247.790 μs,457618,
MegaBlock generate indices,47.6211s,489.517 μs,457618,
MegaBlock padded and reorder tokens,47.6216s,230.934 μs,457618,
MegaBlock generate topo,47.6218s,628.094 μs,457618,
MegaBlock mlp forward,47.6224s,545.081 μs,457618,
MegaBlock reorder and remove padding,47.623s,153.666 μs,457618,
MegaSparse generate indices,47.6232s,466.773 μs,457618,
MegaSparse generate topo,47.6236s,790.695 μs,457618,
MegaSparse mlp forward,47.6244s,232.635 μs,457618,
MoE route,47.6247s,247.732 μs,457618,
MegaBlock generate indices,47.6249s,449.313 μs,457618,
MegaBlock padded and reorder tokens,47.6254s,222.336 μs,457618,
MegaBlock generate topo,47.6256s,579.342 μs,457618,
MegaBlock mlp forward,47.6262s,541.132 μs,457618,
MegaBlock reorder and remove padding,47.6267s,170.777 μs,457618,
MegaSparse generate indices,47.6269s,456.821 μs,457618,
MegaSparse generate topo,47.6274s,801.138 μs,457618,
MegaSparse mlp forward,47.6282s,229.859 μs,457618,
MoE route,47.6285s,256.830 μs,457618,
MegaBlock generate indices,47.6287s,435.409 μs,457618,
MegaBlock padded and reorder tokens,47.6292s,229.846 μs,457618,
MegaBlock generate topo,47.6294s,584.163 μs,457618,
MegaBlock mlp forward,47.63s,528.918 μs,457618,
MegaBlock reorder and remove padding,47.6305s,171.010 μs,457618,
MegaSparse generate indices,47.6307s,478.509 μs,457618,
MegaSparse generate topo,47.6312s,758.663 μs,457618,
MegaSparse mlp forward,47.632s,213.809 μs,457618,
MoE route,47.6322s,273.528 μs,457618,
MegaBlock generate indices,47.6325s,433.294 μs,457618,
MegaBlock padded and reorder tokens,47.6329s,238.873 μs,457618,
MegaBlock generate topo,47.6331s,589.986 μs,457618,
MegaBlock mlp forward,47.6337s,545.618 μs,457618,
MegaBlock reorder and remove padding,47.6343s,153.078 μs,457618,
MegaSparse generate indices,47.6345s,465.461 μs,457618,
MegaSparse generate topo,47.6349s,757.959 μs,457618,
MegaSparse mlp forward,47.6357s,218.936 μs,457618,
MoE route,47.6359s,262.863 μs,457618,
MegaBlock generate indices,47.6362s,460.255 μs,457618,
MegaBlock padded and reorder tokens,47.6367s,215.894 μs,457618,
MegaBlock generate topo,47.6369s,579.044 μs,457618,
MegaBlock mlp forward,47.6375s,545.622 μs,457618,
MegaBlock reorder and remove padding,47.638s,156.161 μs,457618,
MegaSparse generate indices,47.6382s,471.217 μs,457618,
MegaSparse generate topo,47.6387s,768.870 μs,457618,
MegaSparse mlp forward,47.6395s,226.121 μs,457618,
MoE route,47.6397s,248.738 μs,457618,
MegaBlock generate indices,47.64s,465.852 μs,457618,
MegaBlock padded and reorder tokens,47.6404s,219.194 μs,457618,
MegaBlock generate topo,47.6407s,584.087 μs,457618,
MegaBlock mlp forward,47.6412s,552.823 μs,457618,
MegaBlock reorder and remove padding,47.6418s,153.337 μs,457618,
MegaSparse generate indices,47.642s,468.458 μs,457618,
MegaSparse generate topo,47.6425s,769.357 μs,457618,
MegaSparse mlp forward,47.6432s,229.389 μs,457618,
MoE route,47.6435s,251.469 μs,457618,
MegaBlock generate indices,47.6437s,445.803 μs,457618,
MegaBlock padded and reorder tokens,47.6442s,228.771 μs,457618,
MegaBlock generate topo,47.6444s,582.385 μs,457618,
MegaBlock mlp forward,47.645s,538.826 μs,457618,
MegaBlock reorder and remove padding,47.6455s,150.940 μs,457618,
MegaSparse generate indices,47.6458s,452.162 μs,457618,
MegaSparse generate topo,47.6462s,799.390 μs,457618,
MegaSparse mlp forward,47.647s,219.199 μs,457618,
MoE route,47.6472s,245.366 μs,457618,
MegaBlock generate indices,47.6475s,440.977 μs,457618,
MegaBlock padded and reorder tokens,47.6479s,239.975 μs,457618,
MegaBlock generate topo,47.6482s,595.479 μs,457618,
MegaBlock mlp forward,47.6488s,526.563 μs,457618,
MegaBlock reorder and remove padding,47.6493s,165.738 μs,457618,
MegaSparse generate indices,47.6495s,462.478 μs,457618,
MegaSparse generate topo,47.65s,788.266 μs,457618,
MegaSparse mlp forward,47.6508s,213.950 μs,457618,
MoE route,47.651s,256.662 μs,457618,
MegaBlock generate indices,47.6513s,432.999 μs,457618,
MegaBlock padded and reorder tokens,47.6517s,233.171 μs,457618,
MegaBlock generate topo,47.6519s,626.131 μs,457618,
MegaBlock mlp forward,47.6526s,543.703 μs,457618,
MegaBlock reorder and remove padding,47.6531s,156.484 μs,457618,
MegaSparse generate indices,47.6533s,469.392 μs,457618,
MegaSparse generate topo,47.6538s,766.392 μs,457618,
MegaSparse mlp forward,47.6546s,217.423 μs,457618,
MoE route,47.6548s,266.154 μs,457618,
MegaBlock generate indices,47.6551s,452.493 μs,457618,
MegaBlock padded and reorder tokens,47.6555s,217.091 μs,457618,
MegaBlock generate topo,47.6557s,580.286 μs,457618,
MegaBlock mlp forward,47.6563s,555.860 μs,457618,
MegaBlock reorder and remove padding,47.6569s,160.241 μs,457618,
MegaSparse generate indices,47.6571s,467.032 μs,457618,
MegaSparse generate topo,47.6575s,770.559 μs,457618,
MegaSparse mlp forward,47.6583s,231.827 μs,457618,
MoE route,47.6586s,246.674 μs,457618,
MegaBlock generate indices,47.6588s,450.059 μs,457618,
MegaBlock padded and reorder tokens,47.6593s,215.459 μs,457618,
MegaBlock generate topo,47.6595s,578.930 μs,457618,
MegaBlock mlp forward,47.6601s,560.546 μs,457618,
MegaBlock reorder and remove padding,47.6606s,153.158 μs,457618,
MegaSparse generate indices,47.6608s,468.410 μs,457618,
MegaSparse generate topo,47.6613s,759.153 μs,457618,
MegaSparse mlp forward,47.6621s,230.599 μs,457618,
MoE route,47.6623s,247.190 μs,457618,
MegaBlock generate indices,47.6626s,448.221 μs,457618,
MegaBlock padded and reorder tokens,47.663s,220.069 μs,457618,
MegaBlock generate topo,47.6632s,574.765 μs,457618,
MegaBlock mlp forward,47.6638s,545.534 μs,457618,
MegaBlock reorder and remove padding,47.6644s,166.242 μs,457618,
MegaSparse generate indices,47.6646s,465.859 μs,457618,
MegaSparse generate topo,47.665s,778.668 μs,457618,
MegaSparse mlp forward,47.6658s,228.488 μs,457618,
MoE route,47.6661s,245.984 μs,457618,
MegaBlock generate indices,47.6663s,443.585 μs,457618,
MegaBlock padded and reorder tokens,47.6668s,222.261 μs,457618,
MegaBlock generate topo,47.667s,588.666 μs,457618,
MegaBlock mlp forward,47.6676s,539.051 μs,457618,
MegaBlock reorder and remove padding,47.6681s,167.106 μs,457618,
MegaSparse generate indices,47.6683s,465.481 μs,457618,
MegaSparse generate topo,47.6688s,785.833 μs,457618,
MegaSparse mlp forward,47.6696s,213.430 μs,457618,
MoE route,47.6698s,260.568 μs,457618,
MegaBlock generate indices,47.6701s,431.821 μs,457618,
MegaBlock padded and reorder tokens,47.6705s,228.708 μs,457618,
MegaBlock generate topo,47.6707s,586.808 μs,457618,
MegaBlock mlp forward,47.6713s,523.817 μs,457618,
MegaBlock reorder and remove padding,47.6719s,165.101 μs,457618,
MegaSparse generate indices,47.6721s,482.229 μs,457618,
MegaSparse generate topo,47.6726s,758.154 μs,457618,
MegaSparse mlp forward,47.6733s,215.497 μs,457618,
MoE route,47.6735s,262.260 μs,457618,
MegaBlock generate indices,47.6738s,426.660 μs,457618,
MegaBlock padded and reorder tokens,47.6742s,238.532 μs,457618,
MegaBlock generate topo,47.6745s,580.501 μs,457618,
MegaBlock mlp forward,47.6751s,536.184 μs,457618,
MegaBlock reorder and remove padding,47.6756s,153.762 μs,457618,
MegaSparse generate indices,47.6758s,464.894 μs,457618,
MegaSparse generate topo,47.6763s,783.180 μs,457618,
MegaSparse mlp forward,47.6771s,220.389 μs,457618,
MoE route,47.6773s,265.760 μs,457618,
MegaBlock generate indices,47.6776s,449.273 μs,457618,
MegaBlock padded and reorder tokens,47.678s,216.223 μs,457618,
MegaBlock generate topo,47.6782s,580.867 μs,457618,
MegaBlock mlp forward,47.6788s,553.121 μs,457618,
MegaBlock reorder and remove padding,47.6794s,151.778 μs,457618,
MegaSparse generate indices,47.6796s,469.715 μs,457618,
MegaSparse generate topo,47.68s,762.689 μs,457618,
MegaSparse mlp forward,47.6808s,226.273 μs,457618,
MoE route,47.6811s,247.657 μs,457618,
MegaBlock generate indices,47.6813s,453.860 μs,457618,
MegaBlock padded and reorder tokens,47.6818s,215.885 μs,457618,
MegaBlock generate topo,47.682s,584.393 μs,457618,
MegaBlock mlp forward,47.6826s,557.466 μs,457618,
MegaBlock reorder and remove padding,47.6831s,159.123 μs,457618,
MegaSparse generate indices,47.6833s,462.055 μs,457618,
MegaSparse generate topo,47.6838s,766.546 μs,457618,
MegaSparse mlp forward,47.6846s,231.207 μs,457618,
MoE route,47.6848s,255.936 μs,457618,
MegaBlock generate indices,47.6851s,447.025 μs,457618,
MegaBlock padded and reorder tokens,47.6855s,216.463 μs,457618,
MegaBlock generate topo,47.6857s,578.952 μs,457618,
MegaBlock mlp forward,47.6863s,541.971 μs,457618,
MegaBlock reorder and remove padding,47.6869s,151.872 μs,457618,
MegaSparse generate indices,47.6871s,469.687 μs,457618,
MegaSparse generate topo,47.6875s,790.070 μs,457618,
MegaSparse mlp forward,47.6883s,237.295 μs,457618,
MoE route,47.6886s,277.470 μs,457618,
MegaBlock generate indices,47.6889s,467.347 μs,457618,
MegaBlock padded and reorder tokens,47.6893s,241.671 μs,457618,
MegaBlock generate topo,47.6896s,605.361 μs,457618,
MegaBlock mlp forward,47.6902s,526.384 μs,457618,
MegaBlock reorder and remove padding,47.6907s,164.995 μs,457618,
MegaSparse generate indices,47.6909s,474.658 μs,457618,
MegaSparse generate topo,47.6914s,767.075 μs,457618,
MegaSparse mlp forward,47.6922s,233.013 μs,457618,
MoE route,47.6924s,261.208 μs,457618,
MegaBlock generate indices,47.6927s,432.800 μs,457618,
MegaBlock padded and reorder tokens,47.6931s,234.694 μs,457618,
MegaBlock generate topo,47.6934s,589.137 μs,457618,
MegaBlock mlp forward,47.694s,543.139 μs,457618,
MegaBlock reorder and remove padding,47.6945s,153.601 μs,457618,
MegaSparse generate indices,47.6947s,468.543 μs,457618,
MegaSparse generate topo,47.6952s,757.828 μs,457618,
MegaSparse mlp forward,47.6959s,219.028 μs,457618,
MoE route,47.6962s,274.446 μs,457618,
MegaBlock generate indices,47.6964s,450.229 μs,457618,
MegaBlock padded and reorder tokens,47.6969s,215.517 μs,457618,
MegaBlock generate topo,47.6971s,583.636 μs,457618,
MegaBlock mlp forward,47.6977s,533.505 μs,457618,
MegaBlock reorder and remove padding,47.6982s,150.753 μs,457618,
MegaSparse generate indices,47.6984s,468.002 μs,457618,
MegaSparse generate topo,47.6989s,774.035 μs,457618,
MegaSparse mlp forward,47.6997s,231.034 μs,457618,
MoE route,47.6999s,245.476 μs,457618,
MegaBlock generate indices,47.7002s,462.868 μs,457618,
MegaBlock padded and reorder tokens,47.7006s,223.769 μs,457618,
MegaBlock generate topo,47.7009s,579.455 μs,457618,
MegaBlock mlp forward,47.7014s,547.466 μs,457618,
MegaBlock reorder and remove padding,47.702s,150.849 μs,457618,
MegaSparse generate indices,47.7022s,466.711 μs,457618,
MegaSparse generate topo,47.7027s,769.200 μs,457618,
MegaSparse mlp forward,47.7034s,230.927 μs,457618,
MoE route,47.7037s,244.957 μs,457618,
MegaBlock generate indices,47.7039s,447.927 μs,457618,
MegaBlock padded and reorder tokens,47.7044s,235.548 μs,457618,
MegaBlock generate topo,47.7046s,576.568 μs,457618,
MegaBlock mlp forward,47.7052s,543.635 μs,457618,
MegaBlock reorder and remove padding,47.7057s,151.920 μs,457618,
MegaSparse generate indices,47.706s,451.300 μs,457618,
MegaSparse generate topo,47.7064s,801.726 μs,457618,
MegaSparse mlp forward,47.7072s,220.466 μs,457618,
MoE route,47.7075s,248.251 μs,457618,
MegaBlock generate indices,47.7077s,449.314 μs,457618,
MegaBlock padded and reorder tokens,47.7082s,226.620 μs,457618,
MegaBlock generate topo,47.7084s,580.419 μs,457618,
MegaBlock mlp forward,47.709s,545.106 μs,457618,
MegaBlock reorder and remove padding,47.7095s,166.278 μs,457618,
MegaSparse generate indices,47.7097s,451.805 μs,457618,
MegaSparse generate topo,47.7102s,801.337 μs,457618,
MegaSparse mlp forward,47.711s,214.833 μs,457618,
MoE route,47.7112s,257.763 μs,457618,
MegaBlock generate indices,47.7115s,432.364 μs,457618,
MegaBlock padded and reorder tokens,47.7119s,233.354 μs,457618,
MegaBlock generate topo,47.7121s,591.489 μs,457618,
MegaBlock mlp forward,47.7127s,543.329 μs,457618,
MegaBlock reorder and remove padding,47.7133s,153.075 μs,457618,
MegaSparse generate indices,47.7135s,466.036 μs,457618,
MegaSparse generate topo,47.7139s,763.757 μs,457618,
MegaSparse mlp forward,47.7147s,215.722 μs,457618,
MoE route,47.7149s,266.331 μs,457618,
MegaBlock generate indices,47.7152s,450.799 μs,457618,
MegaBlock padded and reorder tokens,47.7157s,219.120 μs,457618,
MegaBlock generate topo,47.7159s,588.188 μs,457618,
MegaBlock mlp forward,47.7165s,538.976 μs,457618,
MegaBlock reorder and remove padding,47.717s,152.241 μs,457618,
MegaSparse generate indices,47.7172s,466.825 μs,457618,
MegaSparse generate topo,47.7177s,778.471 μs,457618,
MegaSparse mlp forward,47.7185s,230.452 μs,457618,
MoE route,47.7187s,247.053 μs,457618,
MegaBlock generate indices,47.719s,451.501 μs,457618,
MegaBlock padded and reorder tokens,47.7194s,215.597 μs,457618,
MegaBlock generate topo,47.7196s,580.603 μs,457618,
MegaBlock mlp forward,47.7202s,556.028 μs,457618,
MegaBlock reorder and remove padding,47.7208s,149.862 μs,457618,
MegaSparse generate indices,47.721s,466.772 μs,457618,
MegaSparse generate topo,47.7214s,776.269 μs,457618,
MegaSparse mlp forward,47.7222s,241.890 μs,457618,
MoE route,47.7225s,263.938 μs,457618,
MegaBlock generate indices,47.7228s,450.046 μs,457618,
MegaBlock padded and reorder tokens,47.7232s,214.865 μs,457618,
MegaBlock generate topo,47.7234s,579.538 μs,457618,
MegaBlock mlp forward,47.724s,549.563 μs,457618,
MegaBlock reorder and remove padding,47.7246s,156.356 μs,457618,
MegaSparse generate indices,47.7248s,468.364 μs,457618,
MegaSparse generate topo,47.7252s,767.634 μs,457618,
MegaSparse mlp forward,47.726s,225.646 μs,457618,
