Name,Start,Duration,TID,GPU,Context
MoE route [31.567 μs],47.3433s,31.567 μs,457618,GPU 0,Stream 7
MegaBlock generate indices [442.105 μs],47.3434s,442.105 μs,457618,GPU 0,Stream 7
MegaBlock padded and reorder tokens [165.098 μs],47.3439s,165.098 μs,457618,GPU 0,Stream 7
MegaBlock generate topo [572.149 μs],47.3441s,572.149 μs,457618,GPU 0,Stream 7
MegaBlock mlp forward [1.497 ms],47.345s,1.497 ms,457618,GPU 0,Stream 7
MegaBlock reorder and remove padding [16.248 μs],47.3465s,16.248 μs,457618,GPU 0,Stream 7
MegaSparse generate indices [46.152 μs],47.3465s,46.152 μs,457618,GPU 0,Stream 7
MegaSparse generate topo [174.404 μs],47.3466s,174.404 μs,457618,GPU 0,Stream 7
MegaSparse mlp forward [483.971 μs],47.3469s,483.971 μs,457618,GPU 0,Stream 7
MoE route [29.393 μs],47.3474s,29.393 μs,457618,GPU 0,Stream 7
MegaBlock generate indices [354.087 μs],47.3474s,354.087 μs,457618,GPU 0,Stream 7
MegaBlock padded and reorder tokens [178.050 μs],47.3478s,178.050 μs,457618,GPU 0,Stream 7
MegaBlock generate topo [555.005 μs],47.3481s,555.005 μs,457618,GPU 0,Stream 7
MegaBlock mlp forward [1.485 ms],47.349s,1.485 ms,457618,GPU 0,Stream 7
MegaBlock reorder and remove padding [16.471 μs],47.3504s,16.471 μs,457618,GPU 0,Stream 7
MegaSparse generate indices [46.120 μs],47.3505s,46.120 μs,457618,GPU 0,Stream 7
MegaSparse generate topo [172.965 μs],47.3505s,172.965 μs,457618,GPU 0,Stream 7
MegaSparse mlp forward [486.018 μs],47.3508s,486.018 μs,457618,GPU 0,Stream 7
MoE route [31.440 μs],47.3513s,31.440 μs,457618,GPU 0,Stream 7
MegaBlock generate indices [330.163 μs],47.3513s,330.163 μs,457618,GPU 0,Stream 7
MegaBlock padded and reorder tokens [169.159 μs],47.3518s,169.159 μs,457618,GPU 0,Stream 7
MegaBlock generate topo [546.562 μs],47.352s,546.562 μs,457618,GPU 0,Stream 7
MegaBlock mlp forward [1.494 ms],47.3528s,1.494 ms,457618,GPU 0,Stream 7
MegaBlock reorder and remove padding [15.959 μs],47.3543s,15.959 μs,457618,GPU 0,Stream 7
MegaSparse generate indices [50.053 μs],47.3544s,50.053 μs,457618,GPU 0,Stream 7
MegaSparse generate topo [176.931 μs],47.3544s,176.931 μs,457618,GPU 0,Stream 7
MegaSparse mlp forward [483.203 μs],47.3547s,483.203 μs,457618,GPU 0,Stream 7
MoE route [31.567 μs],47.3552s,31.567 μs,457618,GPU 0,Stream 7
MegaBlock generate indices [379.737 μs],47.3552s,379.737 μs,457618,GPU 0,Stream 7
MegaBlock padded and reorder tokens [163.083 μs],47.3557s,163.083 μs,457618,GPU 0,Stream 7
MegaBlock generate topo [550.336 μs],47.3559s,550.336 μs,457618,GPU 0,Stream 7
MegaBlock mlp forward [1.486 ms],47.3568s,1.486 ms,457618,GPU 0,Stream 7
MegaBlock reorder and remove padding [16.151 μs],47.3583s,16.151 μs,457618,GPU 0,Stream 7
MegaSparse generate indices [46.152 μs],47.3583s,46.152 μs,457618,GPU 0,Stream 7
MegaSparse generate topo [183.392 μs],47.3583s,183.392 μs,457618,GPU 0,Stream 7
MegaSparse mlp forward [484.418 μs],47.3587s,484.418 μs,457618,GPU 0,Stream 7
MoE route [31.599 μs],47.3591s,31.599 μs,457618,GPU 0,Stream 7
MegaBlock generate indices [324.054 μs],47.3592s,324.054 μs,457618,GPU 0,Stream 7
MegaBlock padded and reorder tokens [176.867 μs],47.3596s,176.867 μs,457618,GPU 0,Stream 7
MegaBlock generate topo [499.706 μs],47.3598s,499.706 μs,457618,GPU 0,Stream 7
MegaBlock mlp forward [1.495 ms],47.3606s,1.495 ms,457618,GPU 0,Stream 7
MegaBlock reorder and remove padding [16.631 μs],47.3621s,16.631 μs,457618,GPU 0,Stream 7
MegaSparse generate indices [50.246 μs],47.3621s,50.246 μs,457618,GPU 0,Stream 7
MegaSparse generate topo [164.970 μs],47.3622s,164.970 μs,457618,GPU 0,Stream 7
MegaSparse mlp forward [483.618 μs],47.3625s,483.618 μs,457618,GPU 0,Stream 7
MoE route [29.488 μs],47.363s,29.488 μs,457618,GPU 0,Stream 7
MegaBlock generate indices [330.611 μs],47.363s,330.611 μs,457618,GPU 0,Stream 7
MegaBlock padded and reorder tokens [162.251 μs],47.3634s,162.251 μs,457618,GPU 0,Stream 7
MegaBlock generate topo [512.979 μs],47.3636s,512.979 μs,457618,GPU 0,Stream 7
MegaBlock mlp forward [1.489 ms],47.3645s,1.489 ms,457618,GPU 0,Stream 7
MegaBlock reorder and remove padding [16.279 μs],47.366s,16.279 μs,457618,GPU 0,Stream 7
MegaSparse generate indices [49.958 μs],47.366s,49.958 μs,457618,GPU 0,Stream 7
MegaSparse generate topo [161.292 μs],47.366s,161.292 μs,457618,GPU 0,Stream 7
MegaSparse mlp forward [483.778 μs],47.3663s,483.778 μs,457618,GPU 0,Stream 7
MoE route [31.535 μs],47.3668s,31.535 μs,457618,GPU 0,Stream 7
MegaBlock generate indices [341.453 μs],47.3668s,341.453 μs,457618,GPU 0,Stream 7
MegaBlock padded and reorder tokens [162.443 μs],47.3673s,162.443 μs,457618,GPU 0,Stream 7
MegaBlock generate topo [517.009 μs],47.3675s,517.009 μs,457618,GPU 0,Stream 7
MegaBlock mlp forward [1.488 ms],47.3683s,1.488 ms,457618,GPU 0,Stream 7
MegaBlock reorder and remove padding [16.280 μs],47.3698s,16.280 μs,457618,GPU 0,Stream 7
MegaSparse generate indices [48.422 μs],47.3698s,48.422 μs,457618,GPU 0,Stream 7
MegaSparse generate topo [169.255 μs],47.3699s,169.255 μs,457618,GPU 0,Stream 7
MegaSparse mlp forward [484.834 μs],47.3702s,484.834 μs,457618,GPU 0,Stream 7
MoE route [31.503 μs],47.3707s,31.503 μs,457618,GPU 0,Stream 7
MegaBlock generate indices [317.946 μs],47.3707s,317.946 μs,457618,GPU 0,Stream 7
MegaBlock padded and reorder tokens [160.204 μs],47.3711s,160.204 μs,457618,GPU 0,Stream 7
MegaBlock generate topo [504.024 μs],47.3713s,504.024 μs,457618,GPU 0,Stream 7
MegaBlock mlp forward [1.491 ms],47.3721s,1.491 ms,457618,GPU 0,Stream 7
MegaBlock reorder and remove padding [15.895 μs],47.3736s,15.895 μs,457618,GPU 0,Stream 7
MegaSparse generate indices [49.990 μs],47.3736s,49.990 μs,457618,GPU 0,Stream 7
MegaSparse generate topo [178.946 μs],47.3737s,178.946 μs,457618,GPU 0,Stream 7
MegaSparse mlp forward [483.139 μs],47.374s,483.139 μs,457618,GPU 0,Stream 7
MoE route [31.535 μs],47.3745s,31.535 μs,457618,GPU 0,Stream 7
MegaBlock generate indices [324.055 μs],47.3745s,324.055 μs,457618,GPU 0,Stream 7
MegaBlock padded and reorder tokens [173.669 μs],47.3749s,173.669 μs,457618,GPU 0,Stream 7
MegaBlock generate topo [497.660 μs],47.3751s,497.660 μs,457618,GPU 0,Stream 7
MegaBlock mlp forward [1.485 ms],47.3759s,1.485 ms,457618,GPU 0,Stream 7
MegaBlock reorder and remove padding [16.215 μs],47.3774s,16.215 μs,457618,GPU 0,Stream 7
MegaSparse generate indices [49.191 μs],47.3774s,49.191 μs,457618,GPU 0,Stream 7
MegaSparse generate topo [187.518 μs],47.3775s,187.518 μs,457618,GPU 0,Stream 7
MegaSparse mlp forward [486.273 μs],47.3778s,486.273 μs,457618,GPU 0,Stream 7
MoE route [31.408 μs],47.3783s,31.408 μs,457618,GPU 0,Stream 7
MegaBlock generate indices [326.869 μs],47.3783s,326.869 μs,457618,GPU 0,Stream 7
MegaBlock padded and reorder tokens [184.256 μs],47.3787s,184.256 μs,457618,GPU 0,Stream 7
MegaBlock generate topo [508.086 μs],47.3789s,508.086 μs,457618,GPU 0,Stream 7
MegaBlock mlp forward [1.483 ms],47.3797s,1.483 ms,457618,GPU 0,Stream 7
MegaBlock reorder and remove padding [16.343 μs],47.3812s,16.343 μs,457618,GPU 0,Stream 7
MegaSparse generate indices [46.440 μs],47.3812s,46.440 μs,457618,GPU 0,Stream 7
MegaSparse generate topo [174.852 μs],47.3813s,174.852 μs,457618,GPU 0,Stream 7
MegaSparse mlp forward [487.296 μs],47.3816s,487.296 μs,457618,GPU 0,Stream 7
MoE route [31.439 μs],47.3821s,31.439 μs,457618,GPU 0,Stream 7
MegaBlock generate indices [325.717 μs],47.3821s,325.717 μs,457618,GPU 0,Stream 7
MegaBlock padded and reorder tokens [163.882 μs],47.3825s,163.882 μs,457618,GPU 0,Stream 7
MegaBlock generate topo [505.240 μs],47.3827s,505.240 μs,457618,GPU 0,Stream 7
MegaBlock mlp forward [1.487 ms],47.3835s,1.487 ms,457618,GPU 0,Stream 7
MegaBlock reorder and remove padding [15.959 μs],47.385s,15.959 μs,457618,GPU 0,Stream 7
MegaSparse generate indices [46.120 μs],47.385s,46.120 μs,457618,GPU 0,Stream 7
MegaSparse generate topo [167.497 μs],47.3851s,167.497 μs,457618,GPU 0,Stream 7
MegaSparse mlp forward [486.913 μs],47.3854s,486.913 μs,457618,GPU 0,Stream 7
MoE route [31.536 μs],47.3859s,31.536 μs,457618,GPU 0,Stream 7
MegaBlock generate indices [354.310 μs],47.3859s,354.310 μs,457618,GPU 0,Stream 7
MegaBlock padded and reorder tokens [164.202 μs],47.3863s,164.202 μs,457618,GPU 0,Stream 7
MegaBlock generate topo [510.677 μs],47.3865s,510.677 μs,457618,GPU 0,Stream 7
MegaBlock mlp forward [1.484 ms],47.3873s,1.484 ms,457618,GPU 0,Stream 7
MegaBlock reorder and remove padding [16.375 μs],47.3888s,16.375 μs,457618,GPU 0,Stream 7
MegaSparse generate indices [46.055 μs],47.3888s,46.055 μs,457618,GPU 0,Stream 7
MegaSparse generate topo [179.458 μs],47.3889s,179.458 μs,457618,GPU 0,Stream 7
MegaSparse mlp forward [484.610 μs],47.3892s,484.610 μs,457618,GPU 0,Stream 7
MoE route [31.568 μs],47.3897s,31.568 μs,457618,GPU 0,Stream 7
MegaBlock generate indices [330.611 μs],47.3897s,330.611 μs,457618,GPU 0,Stream 7
MegaBlock padded and reorder tokens [158.029 μs],47.3901s,158.029 μs,457618,GPU 0,Stream 7
MegaBlock generate topo [510.356 μs],47.3903s,510.356 μs,457618,GPU 0,Stream 7
MegaBlock mlp forward [1.485 ms],47.3911s,1.485 ms,457618,GPU 0,Stream 7
MegaBlock reorder and remove padding [16.152 μs],47.3926s,16.152 μs,457618,GPU 0,Stream 7
MegaSparse generate indices [50.214 μs],47.3927s,50.214 μs,457618,GPU 0,Stream 7
MegaSparse generate topo [185.790 μs],47.3927s,185.790 μs,457618,GPU 0,Stream 7
MegaSparse mlp forward [483.650 μs],47.393s,483.650 μs,457618,GPU 0,Stream 7
MoE route [29.424 μs],47.3935s,29.424 μs,457618,GPU 0,Stream 7
MegaBlock generate indices [333.553 μs],47.3935s,333.553 μs,457618,GPU 0,Stream 7
MegaBlock padded and reorder tokens [169.319 μs],47.394s,169.319 μs,457618,GPU 0,Stream 7
MegaBlock generate topo [482.627 μs],47.3942s,482.627 μs,457618,GPU 0,Stream 7
MegaBlock mlp forward [1.487 ms],47.3949s,1.487 ms,457618,GPU 0,Stream 7
MegaBlock reorder and remove padding [16.375 μs],47.3964s,16.375 μs,457618,GPU 0,Stream 7
MegaSparse generate indices [49.670 μs],47.3965s,49.670 μs,457618,GPU 0,Stream 7
MegaSparse generate topo [172.933 μs],47.3965s,172.933 μs,457618,GPU 0,Stream 7
MegaSparse mlp forward [484.898 μs],47.3968s,484.898 μs,457618,GPU 0,Stream 7
MoE route [31.472 μs],47.3973s,31.472 μs,457618,GPU 0,Stream 7
MegaBlock generate indices [365.536 μs],47.3973s,365.536 μs,457618,GPU 0,Stream 7
MegaBlock padded and reorder tokens [171.942 μs],47.3978s,171.942 μs,457618,GPU 0,Stream 7
MegaBlock generate topo [499.962 μs],47.398s,499.962 μs,457618,GPU 0,Stream 7
MegaBlock mlp forward [1.496 ms],47.3988s,1.496 ms,457618,GPU 0,Stream 7
MegaBlock reorder and remove padding [16.279 μs],47.4003s,16.279 μs,457618,GPU 0,Stream 7
MegaSparse generate indices [48.871 μs],47.4003s,48.871 μs,457618,GPU 0,Stream 7
MegaSparse generate topo [253.404 μs],47.4003s,253.404 μs,457618,GPU 0,Stream 7
MegaSparse mlp forward [488.417 μs],47.4007s,488.417 μs,457618,GPU 0,Stream 7
MoE route [31.664 μs],47.4012s,31.664 μs,457618,GPU 0,Stream 7
MegaBlock generate indices [358.372 μs],47.4013s,358.372 μs,457618,GPU 0,Stream 7
MegaBlock padded and reorder tokens [156.622 μs],47.4017s,156.622 μs,457618,GPU 0,Stream 7
MegaBlock generate topo [501.945 μs],47.4019s,501.945 μs,457618,GPU 0,Stream 7
MegaBlock mlp forward [1.490 ms],47.4027s,1.490 ms,457618,GPU 0,Stream 7
MegaBlock reorder and remove padding [16.216 μs],47.4042s,16.216 μs,457618,GPU 0,Stream 7
MegaSparse generate indices [46.535 μs],47.4042s,46.535 μs,457618,GPU 0,Stream 7
MegaSparse generate topo [158.637 μs],47.4042s,158.637 μs,457618,GPU 0,Stream 7
MegaSparse mlp forward [483.747 μs],47.4046s,483.747 μs,457618,GPU 0,Stream 7
MoE route [31.504 μs],47.405s,31.504 μs,457618,GPU 0,Stream 7
MegaBlock generate indices [341.677 μs],47.4051s,341.677 μs,457618,GPU 0,Stream 7
MegaBlock padded and reorder tokens [166.344 μs],47.4055s,166.344 μs,457618,GPU 0,Stream 7
MegaBlock generate topo [497.243 μs],47.4057s,497.243 μs,457618,GPU 0,Stream 7
MegaBlock mlp forward [1.485 ms],47.4065s,1.485 ms,457618,GPU 0,Stream 7
MegaBlock reorder and remove padding [16.087 μs],47.408s,16.087 μs,457618,GPU 0,Stream 7
MegaSparse generate indices [48.326 μs],47.408s,48.326 μs,457618,GPU 0,Stream 7
MegaSparse generate topo [175.460 μs],47.408s,175.460 μs,457618,GPU 0,Stream 7
MegaSparse mlp forward [487.616 μs],47.4084s,487.616 μs,457618,GPU 0,Stream 7
MoE route [31.567 μs],47.4088s,31.567 μs,457618,GPU 0,Stream 7
MegaBlock generate indices [362.946 μs],47.4089s,362.946 μs,457618,GPU 0,Stream 7
MegaBlock padded and reorder tokens [184.288 μs],47.4093s,184.288 μs,457618,GPU 0,Stream 7
MegaBlock generate topo [499.930 μs],47.4095s,499.930 μs,457618,GPU 0,Stream 7
MegaBlock mlp forward [1.490 ms],47.4103s,1.490 ms,457618,GPU 0,Stream 7
MegaBlock reorder and remove padding [15.352 μs],47.4118s,15.352 μs,457618,GPU 0,Stream 7
MegaSparse generate indices [47.431 μs],47.4119s,47.431 μs,457618,GPU 0,Stream 7
MegaSparse generate topo [163.754 μs],47.4119s,163.754 μs,457618,GPU 0,Stream 7
MegaSparse mlp forward [485.634 μs],47.4122s,485.634 μs,457618,GPU 0,Stream 7
MoE route [31.600 μs],47.4127s,31.600 μs,457618,GPU 0,Stream 7
MegaBlock generate indices [314.204 μs],47.4127s,314.204 μs,457618,GPU 0,Stream 7
MegaBlock padded and reorder tokens [157.261 μs],47.4131s,157.261 μs,457618,GPU 0,Stream 7
MegaBlock generate topo [497.244 μs],47.4133s,497.244 μs,457618,GPU 0,Stream 7
MegaBlock mlp forward [1.486 ms],47.4141s,1.486 ms,457618,GPU 0,Stream 7
MegaBlock reorder and remove padding [16.344 μs],47.4156s,16.344 μs,457618,GPU 0,Stream 7
MegaSparse generate indices [46.951 μs],47.4156s,46.951 μs,457618,GPU 0,Stream 7
MegaSparse generate topo [166.217 μs],47.4156s,166.217 μs,457618,GPU 0,Stream 7
MegaSparse mlp forward [484.514 μs],47.4159s,484.514 μs,457618,GPU 0,Stream 7
MoE route [31.599 μs],47.4164s,31.599 μs,457618,GPU 0,Stream 7
MegaBlock generate indices [332.050 μs],47.4165s,332.050 μs,457618,GPU 0,Stream 7
MegaBlock padded and reorder tokens [162.475 μs],47.4169s,162.475 μs,457618,GPU 0,Stream 7
MegaBlock generate topo [501.178 μs],47.4171s,501.178 μs,457618,GPU 0,Stream 7
MegaBlock mlp forward [1.494 ms],47.4178s,1.494 ms,457618,GPU 0,Stream 7
MegaBlock reorder and remove padding [16.407 μs],47.4193s,16.407 μs,457618,GPU 0,Stream 7
MegaSparse generate indices [47.368 μs],47.4194s,47.368 μs,457618,GPU 0,Stream 7
MegaSparse generate topo [165.577 μs],47.4194s,165.577 μs,457618,GPU 0,Stream 7
MegaSparse mlp forward [481.412 μs],47.4197s,481.412 μs,457618,GPU 0,Stream 7
MoE route [31.504 μs],47.4202s,31.504 μs,457618,GPU 0,Stream 7
MegaBlock generate indices [330.483 μs],47.4202s,330.483 μs,457618,GPU 0,Stream 7
MegaBlock padded and reorder tokens [156.046 μs],47.4206s,156.046 μs,457618,GPU 0,Stream 7
MegaBlock generate topo [525.677 μs],47.4208s,525.677 μs,457618,GPU 0,Stream 7
MegaBlock mlp forward [1.495 ms],47.4217s,1.495 ms,457618,GPU 0,Stream 7
MegaBlock reorder and remove padding [16.151 μs],47.4232s,16.151 μs,457618,GPU 0,Stream 7
MegaSparse generate indices [49.190 μs],47.4232s,49.190 μs,457618,GPU 0,Stream 7
MegaSparse generate topo [160.524 μs],47.4232s,160.524 μs,457618,GPU 0,Stream 7
MegaSparse mlp forward [489.568 μs],47.4235s,489.568 μs,457618,GPU 0,Stream 7
MoE route [31.535 μs],47.424s,31.535 μs,457618,GPU 0,Stream 7
MegaBlock generate indices [287.690 μs],47.4241s,287.690 μs,457618,GPU 0,Stream 7
MegaBlock padded and reorder tokens [161.963 μs],47.4244s,161.963 μs,457618,GPU 0,Stream 7
MegaBlock generate topo [489.056 μs],47.4246s,489.056 μs,457618,GPU 0,Stream 7
MegaBlock mlp forward [1.491 ms],47.4254s,1.491 ms,457618,GPU 0,Stream 7
MegaBlock reorder and remove padding [16.471 μs],47.4269s,16.471 μs,457618,GPU 0,Stream 7
MegaSparse generate indices [49.382 μs],47.4269s,49.382 μs,457618,GPU 0,Stream 7
MegaSparse generate topo [169.096 μs],47.427s,169.096 μs,457618,GPU 0,Stream 7
MegaSparse mlp forward [479.685 μs],47.4273s,479.685 μs,457618,GPU 0,Stream 7
MoE route [31.472 μs],47.4278s,31.472 μs,457618,GPU 0,Stream 7
MegaBlock generate indices [308.319 μs],47.4278s,308.319 μs,457618,GPU 0,Stream 7
MegaBlock padded and reorder tokens [171.494 μs],47.4282s,171.494 μs,457618,GPU 0,Stream 7
MegaBlock generate topo [491.583 μs],47.4284s,491.583 μs,457618,GPU 0,Stream 7
MegaBlock mlp forward [1.484 ms],47.4292s,1.484 ms,457618,GPU 0,Stream 7
MegaBlock reorder and remove padding [16.408 μs],47.4306s,16.408 μs,457618,GPU 0,Stream 7
MegaSparse generate indices [44.617 μs],47.4307s,44.617 μs,457618,GPU 0,Stream 7
MegaSparse generate topo [177.731 μs],47.4307s,177.731 μs,457618,GPU 0,Stream 7
MegaSparse mlp forward [484.834 μs],47.431s,484.834 μs,457618,GPU 0,Stream 7
MoE route [31.504 μs],47.4315s,31.504 μs,457618,GPU 0,Stream 7
MegaBlock generate indices [290.600 μs],47.4315s,290.600 μs,457618,GPU 0,Stream 7
MegaBlock padded and reorder tokens [172.997 μs],47.4319s,172.997 μs,457618,GPU 0,Stream 7
MegaBlock generate topo [506.806 μs],47.4321s,506.806 μs,457618,GPU 0,Stream 7
MegaBlock mlp forward [1.487 ms],47.4329s,1.487 ms,457618,GPU 0,Stream 7
MegaBlock reorder and remove padding [15.991 μs],47.4344s,15.991 μs,457618,GPU 0,Stream 7
MegaSparse generate indices [47.143 μs],47.4344s,47.143 μs,457618,GPU 0,Stream 7
MegaSparse generate topo [161.483 μs],47.4345s,161.483 μs,457618,GPU 0,Stream 7
MegaSparse mlp forward [486.945 μs],47.4347s,486.945 μs,457618,GPU 0,Stream 7
MoE route [31.376 μs],47.4352s,31.376 μs,457618,GPU 0,Stream 7
MegaBlock generate indices [291.783 μs],47.4353s,291.783 μs,457618,GPU 0,Stream 7
MegaBlock padded and reorder tokens [158.413 μs],47.4356s,158.413 μs,457618,GPU 0,Stream 7
MegaBlock generate topo [497.051 μs],47.4358s,497.051 μs,457618,GPU 0,Stream 7
MegaBlock mlp forward [1.484 ms],47.4366s,1.484 ms,457618,GPU 0,Stream 7
MegaBlock reorder and remove padding [15.864 μs],47.4381s,15.864 μs,457618,GPU 0,Stream 7
MegaSparse generate indices [45.416 μs],47.4381s,45.416 μs,457618,GPU 0,Stream 7
MegaSparse generate topo [158.029 μs],47.4382s,158.029 μs,457618,GPU 0,Stream 7
MegaSparse mlp forward [483.427 μs],47.4385s,483.427 μs,457618,GPU 0,Stream 7
MoE route [31.407 μs],47.4389s,31.407 μs,457618,GPU 0,Stream 7
MegaBlock generate indices [310.237 μs],47.439s,310.237 μs,457618,GPU 0,Stream 7
MegaBlock padded and reorder tokens [156.206 μs],47.4394s,156.206 μs,457618,GPU 0,Stream 7
MegaBlock generate topo [496.636 μs],47.4396s,496.636 μs,457618,GPU 0,Stream 7
MegaBlock mlp forward [1.489 ms],47.4403s,1.489 ms,457618,GPU 0,Stream 7
MegaBlock reorder and remove padding [16.471 μs],47.4418s,16.471 μs,457618,GPU 0,Stream 7
MegaSparse generate indices [46.120 μs],47.4418s,46.120 μs,457618,GPU 0,Stream 7
MegaSparse generate topo [167.944 μs],47.4419s,167.944 μs,457618,GPU 0,Stream 7
MegaSparse mlp forward [488.320 μs],47.4422s,488.320 μs,457618,GPU 0,Stream 7
MoE route [31.567 μs],47.4427s,31.567 μs,457618,GPU 0,Stream 7
MegaBlock generate indices [302.242 μs],47.4427s,302.242 μs,457618,GPU 0,Stream 7
MegaBlock padded and reorder tokens [163.019 μs],47.4431s,163.019 μs,457618,GPU 0,Stream 7
MegaBlock generate topo [500.794 μs],47.4433s,500.794 μs,457618,GPU 0,Stream 7
MegaBlock mlp forward [1.486 ms],47.4441s,1.486 ms,457618,GPU 0,Stream 7
MegaBlock reorder and remove padding [16.216 μs],47.4456s,16.216 μs,457618,GPU 0,Stream 7
MegaSparse generate indices [46.120 μs],47.4456s,46.120 μs,457618,GPU 0,Stream 7
MegaSparse generate topo [165.002 μs],47.4456s,165.002 μs,457618,GPU 0,Stream 7
MegaSparse mlp forward [491.167 μs],47.4459s,491.167 μs,457618,GPU 0,Stream 7
MoE route [31.631 μs],47.4464s,31.631 μs,457618,GPU 0,Stream 7
MegaBlock generate indices [314.363 μs],47.4464s,314.363 μs,457618,GPU 0,Stream 7
MegaBlock padded and reorder tokens [155.726 μs],47.4468s,155.726 μs,457618,GPU 0,Stream 7
MegaBlock generate topo [498.491 μs],47.447s,498.491 μs,457618,GPU 0,Stream 7
MegaBlock mlp forward [1.495 ms],47.4478s,1.495 ms,457618,GPU 0,Stream 7
MegaBlock reorder and remove padding [16.024 μs],47.4493s,16.024 μs,457618,GPU 0,Stream 7
MegaSparse generate indices [46.280 μs],47.4493s,46.280 μs,457618,GPU 0,Stream 7
MegaSparse generate topo [162.987 μs],47.4494s,162.987 μs,457618,GPU 0,Stream 7
MegaSparse mlp forward [483.683 μs],47.4497s,483.683 μs,457618,GPU 0,Stream 7
MoE route [32.335 μs],47.4502s,32.335 μs,457618,GPU 0,Stream 7
MegaBlock generate indices [297.412 μs],47.4502s,297.412 μs,457618,GPU 0,Stream 7
MegaBlock padded and reorder tokens [155.758 μs],47.4506s,155.758 μs,457618,GPU 0,Stream 7
MegaBlock generate topo [499.834 μs],47.4508s,499.834 μs,457618,GPU 0,Stream 7
MegaBlock mlp forward [1.493 ms],47.4516s,1.493 ms,457618,GPU 0,Stream 7
MegaBlock reorder and remove padding [16.055 μs],47.4531s,16.055 μs,457618,GPU 0,Stream 7
MegaSparse generate indices [46.119 μs],47.4531s,46.119 μs,457618,GPU 0,Stream 7
MegaSparse generate topo [173.029 μs],47.4531s,173.029 μs,457618,GPU 0,Stream 7
MegaSparse mlp forward [486.401 μs],47.4534s,486.401 μs,457618,GPU 0,Stream 7
MoE route [29.361 μs],47.4539s,29.361 μs,457618,GPU 0,Stream 7
MegaBlock generate indices [293.638 μs],47.454s,293.638 μs,457618,GPU 0,Stream 7
MegaBlock padded and reorder tokens [172.453 μs],47.4543s,172.453 μs,457618,GPU 0,Stream 7
MegaBlock generate topo [475.974 μs],47.4545s,475.974 μs,457618,GPU 0,Stream 7
MegaBlock mlp forward [1.490 ms],47.4553s,1.490 ms,457618,GPU 0,Stream 7
MegaBlock reorder and remove padding [16.215 μs],47.4568s,16.215 μs,457618,GPU 0,Stream 7
MegaSparse generate indices [45.576 μs],47.4568s,45.576 μs,457618,GPU 0,Stream 7
MegaSparse generate topo [164.554 μs],47.4569s,164.554 μs,457618,GPU 0,Stream 7
MegaSparse mlp forward [488.544 μs],47.4572s,488.544 μs,457618,GPU 0,Stream 7
MoE route [32.335 μs],47.4577s,32.335 μs,457618,GPU 0,Stream 7
MegaBlock generate indices [298.404 μs],47.4577s,298.404 μs,457618,GPU 0,Stream 7
MegaBlock padded and reorder tokens [166.920 μs],47.4581s,166.920 μs,457618,GPU 0,Stream 7
MegaBlock generate topo [493.694 μs],47.4583s,493.694 μs,457618,GPU 0,Stream 7
MegaBlock mlp forward [1.489 ms],47.459s,1.489 ms,457618,GPU 0,Stream 7
MegaBlock reorder and remove padding [16.632 μs],47.4605s,16.632 μs,457618,GPU 0,Stream 7
MegaSparse generate indices [48.422 μs],47.4605s,48.422 μs,457618,GPU 0,Stream 7
MegaSparse generate topo [167.624 μs],47.4606s,167.624 μs,457618,GPU 0,Stream 7
MegaSparse mlp forward [488.256 μs],47.4609s,488.256 μs,457618,GPU 0,Stream 7
MoE route [31.632 μs],47.4614s,31.632 μs,457618,GPU 0,Stream 7
MegaBlock generate indices [861.437 μs],47.4614s,861.437 μs,457618,GPU 0,Stream 7
MegaBlock padded and reorder tokens [165.770 μs],47.4624s,165.770 μs,457618,GPU 0,Stream 7
MegaBlock generate topo [548.449 μs],47.4626s,548.449 μs,457618,GPU 0,Stream 7
MegaBlock mlp forward [1.485 ms],47.4635s,1.485 ms,457618,GPU 0,Stream 7
MegaBlock reorder and remove padding [16.599 μs],47.465s,16.599 μs,457618,GPU 0,Stream 7
MegaSparse generate indices [46.696 μs],47.465s,46.696 μs,457618,GPU 0,Stream 7
MegaSparse generate topo [174.789 μs],47.4651s,174.789 μs,457618,GPU 0,Stream 7
MegaSparse mlp forward [484.642 μs],47.4662s,484.642 μs,457618,GPU 0,Stream 7
MoE route [31.568 μs],47.4666s,31.568 μs,457618,GPU 0,Stream 7
MegaBlock generate indices [406.891 μs],47.467s,406.891 μs,457618,GPU 0,Stream 7
MegaBlock padded and reorder tokens [174.725 μs],47.4675s,174.725 μs,457618,GPU 0,Stream 7
MegaBlock generate topo [495.964 μs],47.4677s,495.964 μs,457618,GPU 0,Stream 7
MegaBlock mlp forward [1.486 ms],47.4692s,1.486 ms,457618,GPU 0,Stream 7
MegaBlock reorder and remove padding [16.503 μs],47.4707s,16.503 μs,457618,GPU 0,Stream 7
MegaSparse generate indices [49.606 μs],47.4707s,49.606 μs,457618,GPU 0,Stream 7
MegaSparse generate topo [166.793 μs],47.4708s,166.793 μs,457618,GPU 0,Stream 7
MegaSparse mlp forward [483.842 μs],47.4711s,483.842 μs,457618,GPU 0,Stream 7
MoE route [29.521 μs],47.4716s,29.521 μs,457618,GPU 0,Stream 7
MegaBlock generate indices [370.878 μs],47.4716s,370.878 μs,457618,GPU 0,Stream 7
MegaBlock padded and reorder tokens [165.194 μs],47.4721s,165.194 μs,457618,GPU 0,Stream 7
MegaBlock generate topo [538.789 μs],47.4723s,538.789 μs,457618,GPU 0,Stream 7
MegaBlock mlp forward [1.493 ms],47.4731s,1.493 ms,457618,GPU 0,Stream 7
MegaBlock reorder and remove padding [16.119 μs],47.4746s,16.119 μs,457618,GPU 0,Stream 7
MegaSparse generate indices [48.711 μs],47.4746s,48.711 μs,457618,GPU 0,Stream 7
MegaSparse generate topo [170.887 μs],47.4747s,170.887 μs,457618,GPU 0,Stream 7
MegaSparse mlp forward [484.098 μs],47.475s,484.098 μs,457618,GPU 0,Stream 7
MoE route [31.440 μs],47.4755s,31.440 μs,457618,GPU 0,Stream 7
MegaBlock generate indices [343.916 μs],47.4755s,343.916 μs,457618,GPU 0,Stream 7
MegaBlock padded and reorder tokens [163.402 μs],47.476s,163.402 μs,457618,GPU 0,Stream 7
MegaBlock generate topo [536.903 μs],47.4762s,536.903 μs,457618,GPU 0,Stream 7
MegaBlock mlp forward [1.486 ms],47.477s,1.486 ms,457618,GPU 0,Stream 7
MegaBlock reorder and remove padding [16.439 μs],47.4785s,16.439 μs,457618,GPU 0,Stream 7
MegaSparse generate indices [49.350 μs],47.4785s,49.350 μs,457618,GPU 0,Stream 7
MegaSparse generate topo [183.072 μs],47.4786s,183.072 μs,457618,GPU 0,Stream 7
MegaSparse mlp forward [483.939 μs],47.4789s,483.939 μs,457618,GPU 0,Stream 7
MoE route [31.568 μs],47.4794s,31.568 μs,457618,GPU 0,Stream 7
MegaBlock generate indices [348.522 μs],47.4794s,348.522 μs,457618,GPU 0,Stream 7
MegaBlock padded and reorder tokens [165.257 μs],47.4799s,165.257 μs,457618,GPU 0,Stream 7
MegaBlock generate topo [536.295 μs],47.4801s,536.295 μs,457618,GPU 0,Stream 7
MegaBlock mlp forward [1.483 ms],47.4809s,1.483 ms,457618,GPU 0,Stream 7
MegaBlock reorder and remove padding [16.087 μs],47.4824s,16.087 μs,457618,GPU 0,Stream 7
MegaSparse generate indices [46.951 μs],47.4824s,46.951 μs,457618,GPU 0,Stream 7
MegaSparse generate topo [170.150 μs],47.4824s,170.150 μs,457618,GPU 0,Stream 7
MegaSparse mlp forward [489.248 μs],47.4828s,489.248 μs,457618,GPU 0,Stream 7
MoE route [31.568 μs],47.4832s,31.568 μs,457618,GPU 0,Stream 7
MegaBlock generate indices [364.449 μs],47.4833s,364.449 μs,457618,GPU 0,Stream 7
MegaBlock padded and reorder tokens [163.499 μs],47.4837s,163.499 μs,457618,GPU 0,Stream 7
MegaBlock generate topo [551.135 μs],47.4839s,551.135 μs,457618,GPU 0,Stream 7
MegaBlock mlp forward [1.485 ms],47.4848s,1.485 ms,457618,GPU 0,Stream 7
MegaBlock reorder and remove padding [16.215 μs],47.4863s,16.215 μs,457618,GPU 0,Stream 7
MegaSparse generate indices [49.510 μs],47.4863s,49.510 μs,457618,GPU 0,Stream 7
MegaSparse generate topo [172.294 μs],47.4863s,172.294 μs,457618,GPU 0,Stream 7
MegaSparse mlp forward [483.139 μs],47.4867s,483.139 μs,457618,GPU 0,Stream 7
MoE route [31.536 μs],47.4872s,31.536 μs,457618,GPU 0,Stream 7
MegaBlock generate indices [360.515 μs],47.4872s,360.515 μs,457618,GPU 0,Stream 7
MegaBlock padded and reorder tokens [181.697 μs],47.4876s,181.697 μs,457618,GPU 0,Stream 7
MegaBlock generate topo [525.260 μs],47.4879s,525.260 μs,457618,GPU 0,Stream 7
MegaBlock mlp forward [1.490 ms],47.4887s,1.490 ms,457618,GPU 0,Stream 7
MegaBlock reorder and remove padding [16.279 μs],47.4902s,16.279 μs,457618,GPU 0,Stream 7
MegaSparse generate indices [46.120 μs],47.4902s,46.120 μs,457618,GPU 0,Stream 7
MegaSparse generate topo [169.287 μs],47.4903s,169.287 μs,457618,GPU 0,Stream 7
MegaSparse mlp forward [484.355 μs],47.4906s,484.355 μs,457618,GPU 0,Stream 7
MoE route [29.553 μs],47.4911s,29.553 μs,457618,GPU 0,Stream 7
MegaBlock generate indices [368.447 μs],47.4911s,368.447 μs,457618,GPU 0,Stream 7
MegaBlock padded and reorder tokens [163.562 μs],47.4915s,163.562 μs,457618,GPU 0,Stream 7
MegaBlock generate topo [523.534 μs],47.4917s,523.534 μs,457618,GPU 0,Stream 7
MegaBlock mlp forward [1.486 ms],47.4926s,1.486 ms,457618,GPU 0,Stream 7
MegaBlock reorder and remove padding [16.056 μs],47.4941s,16.056 μs,457618,GPU 0,Stream 7
MegaSparse generate indices [47.719 μs],47.4941s,47.719 μs,457618,GPU 0,Stream 7
MegaSparse generate topo [172.550 μs],47.4941s,172.550 μs,457618,GPU 0,Stream 7
MegaSparse mlp forward [485.601 μs],47.4945s,485.601 μs,457618,GPU 0,Stream 7
MoE route [31.471 μs],47.4949s,31.471 μs,457618,GPU 0,Stream 7
MegaBlock generate indices [337.775 μs],47.495s,337.775 μs,457618,GPU 0,Stream 7
MegaBlock padded and reorder tokens [164.106 μs],47.4954s,164.106 μs,457618,GPU 0,Stream 7
MegaBlock generate topo [528.268 μs],47.4956s,528.268 μs,457618,GPU 0,Stream 7
MegaBlock mlp forward [1.486 ms],47.4964s,1.486 ms,457618,GPU 0,Stream 7
MegaBlock reorder and remove padding [16.120 μs],47.4979s,16.120 μs,457618,GPU 0,Stream 7
MegaSparse generate indices [46.152 μs],47.498s,46.152 μs,457618,GPU 0,Stream 7
MegaSparse generate topo [181.664 μs],47.498s,181.664 μs,457618,GPU 0,Stream 7
MegaSparse mlp forward [484.866 μs],47.4983s,484.866 μs,457618,GPU 0,Stream 7
MoE route [31.407 μs],47.4988s,31.407 μs,457618,GPU 0,Stream 7
MegaBlock generate indices [341.773 μs],47.4988s,341.773 μs,457618,GPU 0,Stream 7
MegaBlock padded and reorder tokens [176.803 μs],47.4993s,176.803 μs,457618,GPU 0,Stream 7
MegaBlock generate topo [527.084 μs],47.4995s,527.084 μs,457618,GPU 0,Stream 7
MegaBlock mlp forward [1.489 ms],47.5003s,1.489 ms,457618,GPU 0,Stream 7
MegaBlock reorder and remove padding [16.696 μs],47.5018s,16.696 μs,457618,GPU 0,Stream 7
MegaSparse generate indices [46.152 μs],47.5018s,46.152 μs,457618,GPU 0,Stream 7
MegaSparse generate topo [169.000 μs],47.5019s,169.000 μs,457618,GPU 0,Stream 7
MegaSparse mlp forward [489.568 μs],47.5022s,489.568 μs,457618,GPU 0,Stream 7
MoE route [31.632 μs],47.5027s,31.632 μs,457618,GPU 0,Stream 7
MegaBlock generate indices [371.294 μs],47.5027s,371.294 μs,457618,GPU 0,Stream 7
MegaBlock padded and reorder tokens [164.586 μs],47.5031s,164.586 μs,457618,GPU 0,Stream 7
MegaBlock generate topo [530.666 μs],47.5034s,530.666 μs,457618,GPU 0,Stream 7
MegaBlock mlp forward [1.483 ms],47.5042s,1.483 ms,457618,GPU 0,Stream 7
MegaBlock reorder and remove padding [16.248 μs],47.5057s,16.248 μs,457618,GPU 0,Stream 7
MegaSparse generate indices [48.486 μs],47.5057s,48.486 μs,457618,GPU 0,Stream 7
MegaSparse generate topo [164.074 μs],47.5058s,164.074 μs,457618,GPU 0,Stream 7
MegaSparse mlp forward [485.602 μs],47.5061s,485.602 μs,457618,GPU 0,Stream 7
MoE route [30.352 μs],47.5066s,30.352 μs,457618,GPU 0,Stream 7
MegaBlock generate indices [304.768 μs],47.5066s,304.768 μs,457618,GPU 0,Stream 7
MegaBlock padded and reorder tokens [156.398 μs],47.507s,156.398 μs,457618,GPU 0,Stream 7
MegaBlock generate topo [512.724 μs],47.5072s,512.724 μs,457618,GPU 0,Stream 7
MegaBlock mlp forward [1.495 ms],47.508s,1.495 ms,457618,GPU 0,Stream 7
MegaBlock reorder and remove padding [15.992 μs],47.5095s,15.992 μs,457618,GPU 0,Stream 7
MegaSparse generate indices [50.406 μs],47.5095s,50.406 μs,457618,GPU 0,Stream 7
MegaSparse generate topo [182.273 μs],47.5095s,182.273 μs,457618,GPU 0,Stream 7
MegaSparse mlp forward [486.593 μs],47.5099s,486.593 μs,457618,GPU 0,Stream 7
MoE route [31.535 μs],47.5104s,31.535 μs,457618,GPU 0,Stream 7
MegaBlock generate indices [302.306 μs],47.5104s,302.306 μs,457618,GPU 0,Stream 7
MegaBlock padded and reorder tokens [168.008 μs],47.5108s,168.008 μs,457618,GPU 0,Stream 7
MegaBlock generate topo [483.843 μs],47.511s,483.843 μs,457618,GPU 0,Stream 7
MegaBlock mlp forward [1.489 ms],47.5118s,1.489 ms,457618,GPU 0,Stream 7
MegaBlock reorder and remove padding [16.439 μs],47.5132s,16.439 μs,457618,GPU 0,Stream 7
MegaSparse generate indices [46.279 μs],47.5133s,46.279 μs,457618,GPU 0,Stream 7
MegaSparse generate topo [162.859 μs],47.5133s,162.859 μs,457618,GPU 0,Stream 7
MegaSparse mlp forward [485.058 μs],47.5136s,485.058 μs,457618,GPU 0,Stream 7
MoE route [31.631 μs],47.5141s,31.631 μs,457618,GPU 0,Stream 7
MegaBlock generate indices [341.997 μs],47.5141s,341.997 μs,457618,GPU 0,Stream 7
MegaBlock padded and reorder tokens [166.025 μs],47.5146s,166.025 μs,457618,GPU 0,Stream 7
MegaBlock generate topo [525.037 μs],47.5148s,525.037 μs,457618,GPU 0,Stream 7
MegaBlock mlp forward [1.493 ms],47.5156s,1.493 ms,457618,GPU 0,Stream 7
MegaBlock reorder and remove padding [16.503 μs],47.5171s,16.503 μs,457618,GPU 0,Stream 7
MegaSparse generate indices [48.615 μs],47.5171s,48.615 μs,457618,GPU 0,Stream 7
MegaSparse generate topo [165.578 μs],47.5172s,165.578 μs,457618,GPU 0,Stream 7
MegaSparse mlp forward [484.322 μs],47.5175s,484.322 μs,457618,GPU 0,Stream 7
MoE route [32.271 μs],47.5179s,32.271 μs,457618,GPU 0,Stream 7
MegaBlock generate indices [306.911 μs],47.518s,306.911 μs,457618,GPU 0,Stream 7
MegaBlock padded and reorder tokens [167.720 μs],47.5184s,167.720 μs,457618,GPU 0,Stream 7
MegaBlock generate topo [493.117 μs],47.5186s,493.117 μs,457618,GPU 0,Stream 7
MegaBlock mlp forward [1.487 ms],47.5193s,1.487 ms,457618,GPU 0,Stream 7
MegaBlock reorder and remove padding [16.472 μs],47.5208s,16.472 μs,457618,GPU 0,Stream 7
MegaSparse generate indices [45.641 μs],47.5208s,45.641 μs,457618,GPU 0,Stream 7
MegaSparse generate topo [170.311 μs],47.5209s,170.311 μs,457618,GPU 0,Stream 7
MegaSparse mlp forward [492.030 μs],47.5212s,492.030 μs,457618,GPU 0,Stream 7
MoE route [31.535 μs],47.5217s,31.535 μs,457618,GPU 0,Stream 7
MegaBlock generate indices [373.085 μs],47.5217s,373.085 μs,457618,GPU 0,Stream 7
MegaBlock padded and reorder tokens [157.165 μs],47.5222s,157.165 μs,457618,GPU 0,Stream 7
MegaBlock generate topo [499.323 μs],47.5224s,499.323 μs,457618,GPU 0,Stream 7
MegaBlock mlp forward [1.489 ms],47.5232s,1.489 ms,457618,GPU 0,Stream 7
MegaBlock reorder and remove padding [16.440 μs],47.5247s,16.440 μs,457618,GPU 0,Stream 7
MegaSparse generate indices [45.352 μs],47.5247s,45.352 μs,457618,GPU 0,Stream 7
MegaSparse generate topo [179.458 μs],47.5247s,179.458 μs,457618,GPU 0,Stream 7
MegaSparse mlp forward [484.450 μs],47.5251s,484.450 μs,457618,GPU 0,Stream 7
MoE route [31.567 μs],47.5255s,31.567 μs,457618,GPU 0,Stream 7
MegaBlock generate indices [359.460 μs],47.5256s,359.460 μs,457618,GPU 0,Stream 7
MegaBlock padded and reorder tokens [185.023 μs],47.526s,185.023 μs,457618,GPU 0,Stream 7
MegaBlock generate topo [519.088 μs],47.5262s,519.088 μs,457618,GPU 0,Stream 7
MegaBlock mlp forward [1.493 ms],47.5271s,1.493 ms,457618,GPU 0,Stream 7
MegaBlock reorder and remove padding [16.152 μs],47.5285s,16.152 μs,457618,GPU 0,Stream 7
MegaSparse generate indices [45.832 μs],47.5286s,45.832 μs,457618,GPU 0,Stream 7
MegaSparse generate topo [163.658 μs],47.5286s,163.658 μs,457618,GPU 0,Stream 7
MegaSparse mlp forward [485.090 μs],47.5289s,485.090 μs,457618,GPU 0,Stream 7
MoE route [31.439 μs],47.5294s,31.439 μs,457618,GPU 0,Stream 7
MegaBlock generate indices [333.937 μs],47.5294s,333.937 μs,457618,GPU 0,Stream 7
MegaBlock padded and reorder tokens [158.861 μs],47.5298s,158.861 μs,457618,GPU 0,Stream 7
MegaBlock generate topo [500.729 μs],47.53s,500.729 μs,457618,GPU 0,Stream 7
MegaBlock mlp forward [1.489 ms],47.5308s,1.489 ms,457618,GPU 0,Stream 7
MegaBlock reorder and remove padding [16.215 μs],47.5323s,16.215 μs,457618,GPU 0,Stream 7
MegaSparse generate indices [47.687 μs],47.5323s,47.687 μs,457618,GPU 0,Stream 7
MegaSparse generate topo [172.006 μs],47.5324s,172.006 μs,457618,GPU 0,Stream 7
MegaSparse mlp forward [486.529 μs],47.5327s,486.529 μs,457618,GPU 0,Stream 7
MoE route [32.495 μs],47.5332s,32.495 μs,457618,GPU 0,Stream 7
MegaBlock generate indices [312.733 μs],47.5332s,312.733 μs,457618,GPU 0,Stream 7
MegaBlock padded and reorder tokens [156.558 μs],47.5336s,156.558 μs,457618,GPU 0,Stream 7
MegaBlock generate topo [559.131 μs],47.5338s,559.131 μs,457618,GPU 0,Stream 7
MegaBlock mlp forward [1.493 ms],47.5347s,1.493 ms,457618,GPU 0,Stream 7
MegaBlock reorder and remove padding [16.376 μs],47.5362s,16.376 μs,457618,GPU 0,Stream 7
MegaSparse generate indices [48.359 μs],47.5362s,48.359 μs,457618,GPU 0,Stream 7
MegaSparse generate topo [182.113 μs],47.5362s,182.113 μs,457618,GPU 0,Stream 7
MegaSparse mlp forward [489.184 μs],47.5366s,489.184 μs,457618,GPU 0,Stream 7
MoE route [31.631 μs],47.5371s,31.631 μs,457618,GPU 0,Stream 7
MegaBlock generate indices [357.124 μs],47.5371s,357.124 μs,457618,GPU 0,Stream 7
MegaBlock padded and reorder tokens [164.585 μs],47.5375s,164.585 μs,457618,GPU 0,Stream 7
MegaBlock generate topo [512.052 μs],47.5378s,512.052 μs,457618,GPU 0,Stream 7
MegaBlock mlp forward [1.484 ms],47.5386s,1.484 ms,457618,GPU 0,Stream 7
MegaBlock reorder and remove padding [16.311 μs],47.54s,16.311 μs,457618,GPU 0,Stream 7
MegaSparse generate indices [44.873 μs],47.5401s,44.873 μs,457618,GPU 0,Stream 7
MegaSparse generate topo [172.262 μs],47.5401s,172.262 μs,457618,GPU 0,Stream 7
MegaSparse mlp forward [484.770 μs],47.5405s,484.770 μs,457618,GPU 0,Stream 7
MoE route [31.567 μs],47.541s,31.567 μs,457618,GPU 0,Stream 7
MegaBlock generate indices [351.528 μs],47.541s,351.528 μs,457618,GPU 0,Stream 7
MegaBlock padded and reorder tokens [168.264 μs],47.5414s,168.264 μs,457618,GPU 0,Stream 7
MegaBlock generate topo [526.541 μs],47.5416s,526.541 μs,457618,GPU 0,Stream 7
MegaBlock mlp forward [1.484 ms],47.5425s,1.484 ms,457618,GPU 0,Stream 7
MegaBlock reorder and remove padding [15.895 μs],47.544s,15.895 μs,457618,GPU 0,Stream 7
MegaSparse generate indices [48.263 μs],47.544s,48.263 μs,457618,GPU 0,Stream 7
MegaSparse generate topo [169.255 μs],47.544s,169.255 μs,457618,GPU 0,Stream 7
MegaSparse mlp forward [485.345 μs],47.5443s,485.345 μs,457618,GPU 0,Stream 7
MoE route [31.504 μs],47.5448s,31.504 μs,457618,GPU 0,Stream 7
MegaBlock generate indices [388.372 μs],47.5449s,388.372 μs,457618,GPU 0,Stream 7
MegaBlock padded and reorder tokens [173.510 μs],47.5453s,173.510 μs,457618,GPU 0,Stream 7
MegaBlock generate topo [537.030 μs],47.5455s,537.030 μs,457618,GPU 0,Stream 7
MegaBlock mlp forward [1.485 ms],47.5464s,1.485 ms,457618,GPU 0,Stream 7
MegaBlock reorder and remove padding [16.151 μs],47.5479s,16.151 μs,457618,GPU 0,Stream 7
MegaSparse generate indices [49.734 μs],47.5479s,49.734 μs,457618,GPU 0,Stream 7
MegaSparse generate topo [179.458 μs],47.5479s,179.458 μs,457618,GPU 0,Stream 7
MegaSparse mlp forward [485.313 μs],47.5483s,485.313 μs,457618,GPU 0,Stream 7
MoE route [31.599 μs],47.5487s,31.599 μs,457618,GPU 0,Stream 7
MegaBlock generate indices [387.573 μs],47.5488s,387.573 μs,457618,GPU 0,Stream 7
MegaBlock padded and reorder tokens [179.010 μs],47.5492s,179.010 μs,457618,GPU 0,Stream 7
MegaBlock generate topo [514.866 μs],47.5495s,514.866 μs,457618,GPU 0,Stream 7
MegaBlock mlp forward [1.483 ms],47.5503s,1.483 ms,457618,GPU 0,Stream 7
MegaBlock reorder and remove padding [16.248 μs],47.5518s,16.248 μs,457618,GPU 0,Stream 7
MegaSparse generate indices [48.615 μs],47.5518s,48.615 μs,457618,GPU 0,Stream 7
MegaSparse generate topo [179.042 μs],47.5518s,179.042 μs,457618,GPU 0,Stream 7
MegaSparse mlp forward [483.363 μs],47.5521s,483.363 μs,457618,GPU 0,Stream 7
MoE route [31.471 μs],47.5526s,31.471 μs,457618,GPU 0,Stream 7
MegaBlock generate indices [386.870 μs],47.5527s,386.870 μs,457618,GPU 0,Stream 7
MegaBlock padded and reorder tokens [181.601 μs],47.5531s,181.601 μs,457618,GPU 0,Stream 7
MegaBlock generate topo [524.909 μs],47.5534s,524.909 μs,457618,GPU 0,Stream 7
MegaBlock mlp forward [1.493 ms],47.5542s,1.493 ms,457618,GPU 0,Stream 7
MegaBlock reorder and remove padding [16.312 μs],47.5557s,16.312 μs,457618,GPU 0,Stream 7
MegaSparse generate indices [46.119 μs],47.5557s,46.119 μs,457618,GPU 0,Stream 7
MegaSparse generate topo [173.061 μs],47.5557s,173.061 μs,457618,GPU 0,Stream 7
MegaSparse mlp forward [485.122 μs],47.556s,485.122 μs,457618,GPU 0,Stream 7
MoE route [32.015 μs],47.5565s,32.015 μs,457618,GPU 0,Stream 7
MegaBlock generate indices [373.308 μs],47.5565s,373.308 μs,457618,GPU 0,Stream 7
MegaBlock padded and reorder tokens [164.106 μs],47.557s,164.106 μs,457618,GPU 0,Stream 7
MegaBlock generate topo [531.817 μs],47.5572s,531.817 μs,457618,GPU 0,Stream 7
MegaBlock mlp forward [1.493 ms],47.558s,1.493 ms,457618,GPU 0,Stream 7
MegaBlock reorder and remove padding [16.279 μs],47.5595s,16.279 μs,457618,GPU 0,Stream 7
MegaSparse generate indices [46.120 μs],47.5595s,46.120 μs,457618,GPU 0,Stream 7
MegaSparse generate topo [174.308 μs],47.5596s,174.308 μs,457618,GPU 0,Stream 7
MegaSparse mlp forward [482.244 μs],47.5599s,482.244 μs,457618,GPU 0,Stream 7
MoE route [31.663 μs],47.5604s,31.663 μs,457618,GPU 0,Stream 7
MegaBlock generate indices [346.955 μs],47.5604s,346.955 μs,457618,GPU 0,Stream 7
MegaBlock padded and reorder tokens [183.264 μs],47.5608s,183.264 μs,457618,GPU 0,Stream 7
MegaBlock generate topo [527.500 μs],47.5611s,527.500 μs,457618,GPU 0,Stream 7
MegaBlock mlp forward [1.484 ms],47.5619s,1.484 ms,457618,GPU 0,Stream 7
MegaBlock reorder and remove padding [16.088 μs],47.5634s,16.088 μs,457618,GPU 0,Stream 7
MegaSparse generate indices [47.496 μs],47.5634s,47.496 μs,457618,GPU 0,Stream 7
MegaSparse generate topo [160.556 μs],47.5634s,160.556 μs,457618,GPU 0,Stream 7
MegaSparse mlp forward [483.491 μs],47.5637s,483.491 μs,457618,GPU 0,Stream 7
MoE route [29.392 μs],47.5642s,29.392 μs,457618,GPU 0,Stream 7
MegaBlock generate indices [353.670 μs],47.5642s,353.670 μs,457618,GPU 0,Stream 7
MegaBlock padded and reorder tokens [165.673 μs],47.5647s,165.673 μs,457618,GPU 0,Stream 7
MegaBlock generate topo [521.135 μs],47.5649s,521.135 μs,457618,GPU 0,Stream 7
MegaBlock mlp forward [1.492 ms],47.5657s,1.492 ms,457618,GPU 0,Stream 7
MegaBlock reorder and remove padding [16.024 μs],47.5672s,16.024 μs,457618,GPU 0,Stream 7
MegaSparse generate indices [45.864 μs],47.5672s,45.864 μs,457618,GPU 0,Stream 7
MegaSparse generate topo [166.569 μs],47.5673s,166.569 μs,457618,GPU 0,Stream 7
MegaSparse mlp forward [486.049 μs],47.5676s,486.049 μs,457618,GPU 0,Stream 7
MoE route [31.599 μs],47.5681s,31.599 μs,457618,GPU 0,Stream 7
MegaBlock generate indices [341.485 μs],47.5681s,341.485 μs,457618,GPU 0,Stream 7
MegaBlock padded and reorder tokens [164.394 μs],47.5685s,164.394 μs,457618,GPU 0,Stream 7
MegaBlock generate topo [531.785 μs],47.5687s,531.785 μs,457618,GPU 0,Stream 7
MegaBlock mlp forward [1.493 ms],47.5696s,1.493 ms,457618,GPU 0,Stream 7
MegaBlock reorder and remove padding [16.183 μs],47.5711s,16.183 μs,457618,GPU 0,Stream 7
MegaSparse generate indices [47.335 μs],47.5711s,47.335 μs,457618,GPU 0,Stream 7
MegaSparse generate topo [161.740 μs],47.5711s,161.740 μs,457618,GPU 0,Stream 7
MegaSparse mlp forward [483.810 μs],47.5714s,483.810 μs,457618,GPU 0,Stream 7
MoE route [33.039 μs],47.5719s,33.039 μs,457618,GPU 0,Stream 7
MegaBlock generate indices [307.519 μs],47.572s,307.519 μs,457618,GPU 0,Stream 7
MegaBlock padded and reorder tokens [188.158 μs],47.5723s,188.158 μs,457618,GPU 0,Stream 7
MegaBlock generate topo [530.794 μs],47.5726s,530.794 μs,457618,GPU 0,Stream 7
MegaBlock mlp forward [1.495 ms],47.5734s,1.495 ms,457618,GPU 0,Stream 7
MegaBlock reorder and remove padding [16.471 μs],47.5749s,16.471 μs,457618,GPU 0,Stream 7
MegaSparse generate indices [48.134 μs],47.5749s,48.134 μs,457618,GPU 0,Stream 7
MegaSparse generate topo [174.692 μs],47.575s,174.692 μs,457618,GPU 0,Stream 7
MegaSparse mlp forward [485.729 μs],47.5753s,485.729 μs,457618,GPU 0,Stream 7
MoE route [31.631 μs],47.5758s,31.631 μs,457618,GPU 0,Stream 7
MegaBlock generate indices [301.090 μs],47.5758s,301.090 μs,457618,GPU 0,Stream 7
MegaBlock padded and reorder tokens [174.276 μs],47.5762s,174.276 μs,457618,GPU 0,Stream 7
MegaBlock generate topo [533.544 μs],47.5764s,533.544 μs,457618,GPU 0,Stream 7
MegaBlock mlp forward [1.490 ms],47.5773s,1.490 ms,457618,GPU 0,Stream 7
MegaBlock reorder and remove padding [15.928 μs],47.5788s,15.928 μs,457618,GPU 0,Stream 7
MegaSparse generate indices [48.903 μs],47.5788s,48.903 μs,457618,GPU 0,Stream 7
MegaSparse generate topo [166.377 μs],47.5788s,166.377 μs,457618,GPU 0,Stream 7
MegaSparse mlp forward [486.338 μs],47.5791s,486.338 μs,457618,GPU 0,Stream 7
MoE route [31.888 μs],47.5796s,31.888 μs,457618,GPU 0,Stream 7
MegaBlock generate indices [308.574 μs],47.5797s,308.574 μs,457618,GPU 0,Stream 7
MegaBlock padded and reorder tokens [155.150 μs],47.58s,155.150 μs,457618,GPU 0,Stream 7
MegaBlock generate topo [555.005 μs],47.5802s,555.005 μs,457618,GPU 0,Stream 7
MegaBlock mlp forward [1.497 ms],47.5811s,1.497 ms,457618,GPU 0,Stream 7
MegaBlock reorder and remove padding [16.247 μs],47.5826s,16.247 μs,457618,GPU 0,Stream 7
MegaSparse generate indices [46.152 μs],47.5826s,46.152 μs,457618,GPU 0,Stream 7
MegaSparse generate topo [167.368 μs],47.5826s,167.368 μs,457618,GPU 0,Stream 7
MegaSparse mlp forward [493.118 μs],47.583s,493.118 μs,457618,GPU 0,Stream 7
MoE route [31.727 μs],47.5834s,31.727 μs,457618,GPU 0,Stream 7
MegaBlock generate indices [328.436 μs],47.5835s,328.436 μs,457618,GPU 0,Stream 7
MegaBlock padded and reorder tokens [156.206 μs],47.5839s,156.206 μs,457618,GPU 0,Stream 7
MegaBlock generate topo [545.986 μs],47.5841s,545.986 μs,457618,GPU 0,Stream 7
MegaBlock mlp forward [1.487 ms],47.5849s,1.487 ms,457618,GPU 0,Stream 7
MegaBlock reorder and remove padding [16.184 μs],47.5864s,16.184 μs,457618,GPU 0,Stream 7
MegaSparse generate indices [51.493 μs],47.5864s,51.493 μs,457618,GPU 0,Stream 7
MegaSparse generate topo [173.924 μs],47.5865s,173.924 μs,457618,GPU 0,Stream 7
MegaSparse mlp forward [484.099 μs],47.5868s,484.099 μs,457618,GPU 0,Stream 7
MoE route [32.943 μs],47.5873s,32.943 μs,457618,GPU 0,Stream 7
MegaBlock generate indices [292.551 μs],47.5873s,292.551 μs,457618,GPU 0,Stream 7
MegaBlock padded and reorder tokens [156.846 μs],47.5877s,156.846 μs,457618,GPU 0,Stream 7
MegaBlock generate topo [488.416 μs],47.5879s,488.416 μs,457618,GPU 0,Stream 7
MegaBlock mlp forward [1.494 ms],47.5887s,1.494 ms,457618,GPU 0,Stream 7
MegaBlock reorder and remove padding [16.120 μs],47.5902s,16.120 μs,457618,GPU 0,Stream 7
MegaSparse generate indices [48.423 μs],47.5902s,48.423 μs,457618,GPU 0,Stream 7
MegaSparse generate topo [172.838 μs],47.5903s,172.838 μs,457618,GPU 0,Stream 7
MegaSparse mlp forward [484.738 μs],47.5906s,484.738 μs,457618,GPU 0,Stream 7
MoE route [31.503 μs],47.5911s,31.503 μs,457618,GPU 0,Stream 7
MegaBlock generate indices [293.702 μs],47.5911s,293.702 μs,457618,GPU 0,Stream 7
MegaBlock padded and reorder tokens [180.257 μs],47.5915s,180.257 μs,457618,GPU 0,Stream 7
MegaBlock generate topo [494.941 μs],47.5917s,494.941 μs,457618,GPU 0,Stream 7
MegaBlock mlp forward [1.500 ms],47.5925s,1.500 ms,457618,GPU 0,Stream 7
MegaBlock reorder and remove padding [16.344 μs],47.594s,16.344 μs,457618,GPU 0,Stream 7
MegaSparse generate indices [48.390 μs],47.594s,48.390 μs,457618,GPU 0,Stream 7
MegaSparse generate topo [159.212 μs],47.5941s,159.212 μs,457618,GPU 0,Stream 7
MegaSparse mlp forward [486.977 μs],47.5944s,486.977 μs,457618,GPU 0,Stream 7
MoE route [31.472 μs],47.5949s,31.472 μs,457618,GPU 0,Stream 7
MegaBlock generate indices [317.434 μs],47.5949s,317.434 μs,457618,GPU 0,Stream 7
MegaBlock padded and reorder tokens [157.486 μs],47.5953s,157.486 μs,457618,GPU 0,Stream 7
MegaBlock generate topo [499.162 μs],47.5955s,499.162 μs,457618,GPU 0,Stream 7
MegaBlock mlp forward [1.491 ms],47.5963s,1.491 ms,457618,GPU 0,Stream 7
MegaBlock reorder and remove padding [16.151 μs],47.5978s,16.151 μs,457618,GPU 0,Stream 7
MegaSparse generate indices [49.127 μs],47.5978s,49.127 μs,457618,GPU 0,Stream 7
MegaSparse generate topo [171.750 μs],47.5978s,171.750 μs,457618,GPU 0,Stream 7
MegaSparse mlp forward [486.689 μs],47.5981s,486.689 μs,457618,GPU 0,Stream 7
MoE route [31.440 μs],47.5986s,31.440 μs,457618,GPU 0,Stream 7
MegaBlock generate indices [307.871 μs],47.5987s,307.871 μs,457618,GPU 0,Stream 7
MegaBlock padded and reorder tokens [156.238 μs],47.599s,156.238 μs,457618,GPU 0,Stream 7
MegaBlock generate topo [502.297 μs],47.5992s,502.297 μs,457618,GPU 0,Stream 7
MegaBlock mlp forward [1.489 ms],47.6s,1.489 ms,457618,GPU 0,Stream 7
MegaBlock reorder and remove padding [16.088 μs],47.6015s,16.088 μs,457618,GPU 0,Stream 7
MegaSparse generate indices [49.318 μs],47.6015s,49.318 μs,457618,GPU 0,Stream 7
MegaSparse generate topo [161.643 μs],47.6016s,161.643 μs,457618,GPU 0,Stream 7
MegaSparse mlp forward [487.841 μs],47.6019s,487.841 μs,457618,GPU 0,Stream 7
MoE route [33.423 μs],47.6024s,33.423 μs,457618,GPU 0,Stream 7
MegaBlock generate indices [307.039 μs],47.6024s,307.039 μs,457618,GPU 0,Stream 7
MegaBlock padded and reorder tokens [161.547 μs],47.6028s,161.547 μs,457618,GPU 0,Stream 7
MegaBlock generate topo [495.900 μs],47.603s,495.900 μs,457618,GPU 0,Stream 7
MegaBlock mlp forward [1.497 ms],47.6038s,1.497 ms,457618,GPU 0,Stream 7
MegaBlock reorder and remove padding [16.151 μs],47.6053s,16.151 μs,457618,GPU 0,Stream 7
MegaSparse generate indices [47.719 μs],47.6053s,47.719 μs,457618,GPU 0,Stream 7
MegaSparse generate topo [159.692 μs],47.6053s,159.692 μs,457618,GPU 0,Stream 7
MegaSparse mlp forward [486.210 μs],47.6057s,486.210 μs,457618,GPU 0,Stream 7
MoE route [31.440 μs],47.6061s,31.440 μs,457618,GPU 0,Stream 7
MegaBlock generate indices [304.321 μs],47.6062s,304.321 μs,457618,GPU 0,Stream 7
MegaBlock padded and reorder tokens [155.215 μs],47.6065s,155.215 μs,457618,GPU 0,Stream 7
MegaBlock generate topo [509.781 μs],47.6067s,509.781 μs,457618,GPU 0,Stream 7
MegaBlock mlp forward [1.492 ms],47.6075s,1.492 ms,457618,GPU 0,Stream 7
MegaBlock reorder and remove padding [15.832 μs],47.609s,15.832 μs,457618,GPU 0,Stream 7
MegaSparse generate indices [46.120 μs],47.6091s,46.120 μs,457618,GPU 0,Stream 7
MegaSparse generate topo [175.364 μs],47.6091s,175.364 μs,457618,GPU 0,Stream 7
MegaSparse mlp forward [488.289 μs],47.6094s,488.289 μs,457618,GPU 0,Stream 7
MoE route [31.472 μs],47.6099s,31.472 μs,457618,GPU 0,Stream 7
MegaBlock generate indices [300.994 μs],47.6099s,300.994 μs,457618,GPU 0,Stream 7
MegaBlock padded and reorder tokens [169.447 μs],47.6103s,169.447 μs,457618,GPU 0,Stream 7
MegaBlock generate topo [490.207 μs],47.6105s,490.207 μs,457618,GPU 0,Stream 7
MegaBlock mlp forward [1.495 ms],47.6113s,1.495 ms,457618,GPU 0,Stream 7
MegaBlock reorder and remove padding [16.728 μs],47.6128s,16.728 μs,457618,GPU 0,Stream 7
MegaSparse generate indices [46.120 μs],47.6128s,46.120 μs,457618,GPU 0,Stream 7
MegaSparse generate topo [166.121 μs],47.6129s,166.121 μs,457618,GPU 0,Stream 7
MegaSparse mlp forward [485.090 μs],47.6132s,485.090 μs,457618,GPU 0,Stream 7
MoE route [31.440 μs],47.6137s,31.440 μs,457618,GPU 0,Stream 7
MegaBlock generate indices [297.284 μs],47.6137s,297.284 μs,457618,GPU 0,Stream 7
MegaBlock padded and reorder tokens [175.077 μs],47.6141s,175.077 μs,457618,GPU 0,Stream 7
MegaBlock generate topo [501.913 μs],47.6143s,501.913 μs,457618,GPU 0,Stream 7
MegaBlock mlp forward [1.489 ms],47.6151s,1.489 ms,457618,GPU 0,Stream 7
MegaBlock reorder and remove padding [15.960 μs],47.6166s,15.960 μs,457618,GPU 0,Stream 7
MegaSparse generate indices [48.263 μs],47.6166s,48.263 μs,457618,GPU 0,Stream 7
MegaSparse generate topo [164.746 μs],47.6166s,164.746 μs,457618,GPU 0,Stream 7
MegaSparse mlp forward [483.011 μs],47.6169s,483.011 μs,457618,GPU 0,Stream 7
MoE route [31.535 μs],47.6174s,31.535 μs,457618,GPU 0,Stream 7
MegaBlock generate indices [320.664 μs],47.6174s,320.664 μs,457618,GPU 0,Stream 7
MegaBlock padded and reorder tokens [161.132 μs],47.6178s,161.132 μs,457618,GPU 0,Stream 7
MegaBlock generate topo [496.987 μs],47.618s,496.987 μs,457618,GPU 0,Stream 7
MegaBlock mlp forward [1.484 ms],47.6188s,1.484 ms,457618,GPU 0,Stream 7
MegaBlock reorder and remove padding [16.504 μs],47.6203s,16.504 μs,457618,GPU 0,Stream 7
MegaSparse generate indices [46.152 μs],47.6203s,46.152 μs,457618,GPU 0,Stream 7
MegaSparse generate topo [178.594 μs],47.6204s,178.594 μs,457618,GPU 0,Stream 7
MegaSparse mlp forward [484.610 μs],47.6207s,484.610 μs,457618,GPU 0,Stream 7
MoE route [31.600 μs],47.6212s,31.600 μs,457618,GPU 0,Stream 7
MegaBlock generate indices [351.560 μs],47.6212s,351.560 μs,457618,GPU 0,Stream 7
MegaBlock padded and reorder tokens [164.362 μs],47.6216s,164.362 μs,457618,GPU 0,Stream 7
MegaBlock generate topo [531.018 μs],47.6218s,531.018 μs,457618,GPU 0,Stream 7
MegaBlock mlp forward [1.489 ms],47.6227s,1.489 ms,457618,GPU 0,Stream 7
MegaBlock reorder and remove padding [16.247 μs],47.6242s,16.247 μs,457618,GPU 0,Stream 7
MegaSparse generate indices [46.376 μs],47.6242s,46.376 μs,457618,GPU 0,Stream 7
MegaSparse generate topo [162.987 μs],47.6242s,162.987 μs,457618,GPU 0,Stream 7
MegaSparse mlp forward [485.889 μs],47.6245s,485.889 μs,457618,GPU 0,Stream 7
MoE route [31.567 μs],47.625s,31.567 μs,457618,GPU 0,Stream 7
MegaBlock generate indices [304.480 μs],47.6251s,304.480 μs,457618,GPU 0,Stream 7
MegaBlock padded and reorder tokens [158.094 μs],47.6254s,158.094 μs,457618,GPU 0,Stream 7
MegaBlock generate topo [496.860 μs],47.6256s,496.860 μs,457618,GPU 0,Stream 7
MegaBlock mlp forward [1.496 ms],47.6264s,1.496 ms,457618,GPU 0,Stream 7
MegaBlock reorder and remove padding [16.279 μs],47.6279s,16.279 μs,457618,GPU 0,Stream 7
MegaSparse generate indices [47.207 μs],47.6279s,47.207 μs,457618,GPU 0,Stream 7
MegaSparse generate topo [177.795 μs],47.628s,177.795 μs,457618,GPU 0,Stream 7
MegaSparse mlp forward [484.162 μs],47.6283s,484.162 μs,457618,GPU 0,Stream 7
MoE route [31.535 μs],47.6288s,31.535 μs,457618,GPU 0,Stream 7
MegaBlock generate indices [310.077 μs],47.6288s,310.077 μs,457618,GPU 0,Stream 7
MegaBlock padded and reorder tokens [169.895 μs],47.6292s,169.895 μs,457618,GPU 0,Stream 7
MegaBlock generate topo [499.002 μs],47.6294s,499.002 μs,457618,GPU 0,Stream 7
MegaBlock mlp forward [1.488 ms],47.6302s,1.488 ms,457618,GPU 0,Stream 7
MegaBlock reorder and remove padding [15.736 μs],47.6317s,15.736 μs,457618,GPU 0,Stream 7
MegaSparse generate indices [46.120 μs],47.6317s,46.120 μs,457618,GPU 0,Stream 7
MegaSparse generate topo [169.927 μs],47.6318s,169.927 μs,457618,GPU 0,Stream 7
MegaSparse mlp forward [485.250 μs],47.6321s,485.250 μs,457618,GPU 0,Stream 7
MoE route [31.439 μs],47.6325s,31.439 μs,457618,GPU 0,Stream 7
MegaBlock generate indices [310.621 μs],47.6326s,310.621 μs,457618,GPU 0,Stream 7
MegaBlock padded and reorder tokens [163.307 μs],47.633s,163.307 μs,457618,GPU 0,Stream 7
MegaBlock generate topo [508.086 μs],47.6332s,508.086 μs,457618,GPU 0,Stream 7
MegaBlock mlp forward [1.486 ms],47.634s,1.486 ms,457618,GPU 0,Stream 7
MegaBlock reorder and remove padding [16.216 μs],47.6355s,16.216 μs,457618,GPU 0,Stream 7
MegaSparse generate indices [46.184 μs],47.6355s,46.184 μs,457618,GPU 0,Stream 7
MegaSparse generate topo [159.629 μs],47.6355s,159.629 μs,457618,GPU 0,Stream 7
MegaSparse mlp forward [484.962 μs],47.6358s,484.962 μs,457618,GPU 0,Stream 7
MoE route [31.504 μs],47.6363s,31.504 μs,457618,GPU 0,Stream 7
MegaBlock generate indices [329.875 μs],47.6363s,329.875 μs,457618,GPU 0,Stream 7
MegaBlock padded and reorder tokens [156.718 μs],47.6367s,156.718 μs,457618,GPU 0,Stream 7
MegaBlock generate topo [497.883 μs],47.6369s,497.883 μs,457618,GPU 0,Stream 7
MegaBlock mlp forward [1.497 ms],47.6377s,1.497 ms,457618,GPU 0,Stream 7
MegaBlock reorder and remove padding [16.344 μs],47.6392s,16.344 μs,457618,GPU 0,Stream 7
MegaSparse generate indices [46.439 μs],47.6392s,46.439 μs,457618,GPU 0,Stream 7
MegaSparse generate topo [164.618 μs],47.6393s,164.618 μs,457618,GPU 0,Stream 7
MegaSparse mlp forward [485.634 μs],47.6396s,485.634 μs,457618,GPU 0,Stream 7
MoE route [31.600 μs],47.6401s,31.600 μs,457618,GPU 0,Stream 7
MegaBlock generate indices [327.924 μs],47.6401s,327.924 μs,457618,GPU 0,Stream 7
MegaBlock padded and reorder tokens [158.221 μs],47.6405s,158.221 μs,457618,GPU 0,Stream 7
MegaBlock generate topo [501.338 μs],47.6407s,501.338 μs,457618,GPU 0,Stream 7
MegaBlock mlp forward [1.485 ms],47.6415s,1.485 ms,457618,GPU 0,Stream 7
MegaBlock reorder and remove padding [15.832 μs],47.643s,15.832 μs,457618,GPU 0,Stream 7
MegaSparse generate indices [46.024 μs],47.643s,46.024 μs,457618,GPU 0,Stream 7
MegaSparse generate topo [161.996 μs],47.643s,161.996 μs,457618,GPU 0,Stream 7
MegaSparse mlp forward [485.474 μs],47.6433s,485.474 μs,457618,GPU 0,Stream 7
MoE route [31.536 μs],47.6438s,31.536 μs,457618,GPU 0,Stream 7
MegaBlock generate indices [299.811 μs],47.6439s,299.811 μs,457618,GPU 0,Stream 7
MegaBlock padded and reorder tokens [157.485 μs],47.6442s,157.485 μs,457618,GPU 0,Stream 7
MegaBlock generate topo [497.916 μs],47.6445s,497.916 μs,457618,GPU 0,Stream 7
MegaBlock mlp forward [1.486 ms],47.6452s,1.486 ms,457618,GPU 0,Stream 7
MegaBlock reorder and remove padding [16.216 μs],47.6467s,16.216 μs,457618,GPU 0,Stream 7
MegaSparse generate indices [46.408 μs],47.6468s,46.408 μs,457618,GPU 0,Stream 7
MegaSparse generate topo [176.740 μs],47.6468s,176.740 μs,457618,GPU 0,Stream 7
MegaSparse mlp forward [485.377 μs],47.6471s,485.377 μs,457618,GPU 0,Stream 7
MoE route [32.943 μs],47.6476s,32.943 μs,457618,GPU 0,Stream 7
MegaBlock generate indices [291.943 μs],47.6476s,291.943 μs,457618,GPU 0,Stream 7
MegaBlock padded and reorder tokens [178.595 μs],47.648s,178.595 μs,457618,GPU 0,Stream 7
MegaBlock generate topo [500.345 μs],47.6482s,500.345 μs,457618,GPU 0,Stream 7
MegaBlock mlp forward [1.493 ms],47.649s,1.493 ms,457618,GPU 0,Stream 7
MegaBlock reorder and remove padding [16.120 μs],47.6505s,16.120 μs,457618,GPU 0,Stream 7
MegaSparse generate indices [44.841 μs],47.6505s,44.841 μs,457618,GPU 0,Stream 7
MegaSparse generate topo [170.343 μs],47.6506s,170.343 μs,457618,GPU 0,Stream 7
MegaSparse mlp forward [486.305 μs],47.6509s,486.305 μs,457618,GPU 0,Stream 7
MoE route [32.079 μs],47.6514s,32.079 μs,457618,GPU 0,Stream 7
MegaBlock generate indices [290.184 μs],47.6514s,290.184 μs,457618,GPU 0,Stream 7
MegaBlock padded and reorder tokens [173.381 μs],47.6518s,173.381 μs,457618,GPU 0,Stream 7
MegaBlock generate topo [529.899 μs],47.652s,529.899 μs,457618,GPU 0,Stream 7
MegaBlock mlp forward [1.496 ms],47.6528s,1.496 ms,457618,GPU 0,Stream 7
MegaBlock reorder and remove padding [16.344 μs],47.6543s,16.344 μs,457618,GPU 0,Stream 7
MegaSparse generate indices [46.216 μs],47.6543s,46.216 μs,457618,GPU 0,Stream 7
MegaSparse generate topo [160.268 μs],47.6544s,160.268 μs,457618,GPU 0,Stream 7
MegaSparse mlp forward [486.976 μs],47.6547s,486.976 μs,457618,GPU 0,Stream 7
MoE route [31.504 μs],47.6551s,31.504 μs,457618,GPU 0,Stream 7
MegaBlock generate indices [321.720 μs],47.6552s,321.720 μs,457618,GPU 0,Stream 7
MegaBlock padded and reorder tokens [156.590 μs],47.6556s,156.590 μs,457618,GPU 0,Stream 7
MegaBlock generate topo [499.035 μs],47.6558s,499.035 μs,457618,GPU 0,Stream 7
MegaBlock mlp forward [1.496 ms],47.6566s,1.496 ms,457618,GPU 0,Stream 7
MegaBlock reorder and remove padding [16.248 μs],47.6581s,16.248 μs,457618,GPU 0,Stream 7
MegaSparse generate indices [45.896 μs],47.6581s,45.896 μs,457618,GPU 0,Stream 7
MegaSparse generate topo [159.724 μs],47.6581s,159.724 μs,457618,GPU 0,Stream 7
MegaSparse mlp forward [484.226 μs],47.6584s,484.226 μs,457618,GPU 0,Stream 7
MoE route [31.567 μs],47.6589s,31.567 μs,457618,GPU 0,Stream 7
MegaBlock generate indices [320.024 μs],47.6589s,320.024 μs,457618,GPU 0,Stream 7
MegaBlock padded and reorder tokens [156.079 μs],47.6593s,156.079 μs,457618,GPU 0,Stream 7
MegaBlock generate topo [496.252 μs],47.6595s,496.252 μs,457618,GPU 0,Stream 7
MegaBlock mlp forward [1.488 ms],47.6603s,1.488 ms,457618,GPU 0,Stream 7
MegaBlock reorder and remove padding [16.376 μs],47.6618s,16.376 μs,457618,GPU 0,Stream 7
MegaSparse generate indices [47.751 μs],47.6618s,47.751 μs,457618,GPU 0,Stream 7
MegaSparse generate topo [165.098 μs],47.6619s,165.098 μs,457618,GPU 0,Stream 7
MegaSparse mlp forward [483.939 μs],47.6622s,483.939 μs,457618,GPU 0,Stream 7
MoE route [31.440 μs],47.6627s,31.440 μs,457618,GPU 0,Stream 7
MegaBlock generate indices [300.323 μs],47.6627s,300.323 μs,457618,GPU 0,Stream 7
MegaBlock padded and reorder tokens [157.421 μs],47.6631s,157.421 μs,457618,GPU 0,Stream 7
MegaBlock generate topo [492.095 μs],47.6633s,492.095 μs,457618,GPU 0,Stream 7
MegaBlock mlp forward [1.498 ms],47.6641s,1.498 ms,457618,GPU 0,Stream 7
MegaBlock reorder and remove padding [16.472 μs],47.6656s,16.472 μs,457618,GPU 0,Stream 7
MegaSparse generate indices [46.056 μs],47.6656s,46.056 μs,457618,GPU 0,Stream 7
MegaSparse generate topo [159.917 μs],47.6656s,159.917 μs,457618,GPU 0,Stream 7
MegaSparse mlp forward [485.794 μs],47.6659s,485.794 μs,457618,GPU 0,Stream 7
MoE route [32.175 μs],47.6664s,32.175 μs,457618,GPU 0,Stream 7
MegaBlock generate indices [297.732 μs],47.6665s,297.732 μs,457618,GPU 0,Stream 7
MegaBlock padded and reorder tokens [162.602 μs],47.6668s,162.602 μs,457618,GPU 0,Stream 7
MegaBlock generate topo [491.998 μs],47.667s,491.998 μs,457618,GPU 0,Stream 7
MegaBlock mlp forward [1.485 ms],47.6678s,1.485 ms,457618,GPU 0,Stream 7
MegaBlock reorder and remove padding [16.376 μs],47.6693s,16.376 μs,457618,GPU 0,Stream 7
MegaSparse generate indices [48.422 μs],47.6693s,48.422 μs,457618,GPU 0,Stream 7
MegaSparse generate topo [177.987 μs],47.6694s,177.987 μs,457618,GPU 0,Stream 7
MegaSparse mlp forward [484.514 μs],47.6697s,484.514 μs,457618,GPU 0,Stream 7
MoE route [32.399 μs],47.6702s,32.399 μs,457618,GPU 0,Stream 7
MegaBlock generate indices [293.606 μs],47.6702s,293.606 μs,457618,GPU 0,Stream 7
MegaBlock padded and reorder tokens [169.383 μs],47.6706s,169.383 μs,457618,GPU 0,Stream 7
MegaBlock generate topo [502.553 μs],47.6708s,502.553 μs,457618,GPU 0,Stream 7
MegaBlock mlp forward [1.484 ms],47.6716s,1.484 ms,457618,GPU 0,Stream 7
MegaBlock reorder and remove padding [16.183 μs],47.6731s,16.183 μs,457618,GPU 0,Stream 7
MegaSparse generate indices [46.119 μs],47.6731s,46.119 μs,457618,GPU 0,Stream 7
MegaSparse generate topo [168.168 μs],47.6731s,168.168 μs,457618,GPU 0,Stream 7
MegaSparse mlp forward [485.602 μs],47.6734s,485.602 μs,457618,GPU 0,Stream 7
MoE route [32.047 μs],47.6739s,32.047 μs,457618,GPU 0,Stream 7
MegaBlock generate indices [292.167 μs],47.6739s,292.167 μs,457618,GPU 0,Stream 7
MegaBlock padded and reorder tokens [178.594 μs],47.6743s,178.594 μs,457618,GPU 0,Stream 7
MegaBlock generate topo [493.917 μs],47.6745s,493.917 μs,457618,GPU 0,Stream 7
MegaBlock mlp forward [1.495 ms],47.6753s,1.495 ms,457618,GPU 0,Stream 7
MegaBlock reorder and remove padding [16.280 μs],47.6768s,16.280 μs,457618,GPU 0,Stream 7
MegaSparse generate indices [45.800 μs],47.6768s,45.800 μs,457618,GPU 0,Stream 7
MegaSparse generate topo [163.530 μs],47.6769s,163.530 μs,457618,GPU 0,Stream 7
MegaSparse mlp forward [488.160 μs],47.6772s,488.160 μs,457618,GPU 0,Stream 7
MoE route [31.567 μs],47.6776s,31.567 μs,457618,GPU 0,Stream 7
MegaBlock generate indices [319.832 μs],47.6777s,319.832 μs,457618,GPU 0,Stream 7
MegaBlock padded and reorder tokens [155.630 μs],47.6781s,155.630 μs,457618,GPU 0,Stream 7
MegaBlock generate topo [498.619 μs],47.6783s,498.619 μs,457618,GPU 0,Stream 7
MegaBlock mlp forward [1.494 ms],47.679s,1.494 ms,457618,GPU 0,Stream 7
MegaBlock reorder and remove padding [16.343 μs],47.6805s,16.343 μs,457618,GPU 0,Stream 7
MegaSparse generate indices [47.463 μs],47.6806s,47.463 μs,457618,GPU 0,Stream 7
MegaSparse generate topo [169.479 μs],47.6806s,169.479 μs,457618,GPU 0,Stream 7
MegaSparse mlp forward [484.866 μs],47.6809s,484.866 μs,457618,GPU 0,Stream 7
MoE route [32.271 μs],47.6814s,32.271 μs,457618,GPU 0,Stream 7
MegaBlock generate indices [314.268 μs],47.6814s,314.268 μs,457618,GPU 0,Stream 7
MegaBlock padded and reorder tokens [156.334 μs],47.6818s,156.334 μs,457618,GPU 0,Stream 7
MegaBlock generate topo [501.402 μs],47.682s,501.402 μs,457618,GPU 0,Stream 7
MegaBlock mlp forward [1.484 ms],47.6828s,1.484 ms,457618,GPU 0,Stream 7
MegaBlock reorder and remove padding [16.184 μs],47.6843s,16.184 μs,457618,GPU 0,Stream 7
MegaSparse generate indices [47.495 μs],47.6843s,47.495 μs,457618,GPU 0,Stream 7
MegaSparse generate topo [172.197 μs],47.6844s,172.197 μs,457618,GPU 0,Stream 7
MegaSparse mlp forward [484.578 μs],47.6847s,484.578 μs,457618,GPU 0,Stream 7
MoE route [31.535 μs],47.6852s,31.535 μs,457618,GPU 0,Stream 7
MegaBlock generate indices [305.728 μs],47.6852s,305.728 μs,457618,GPU 0,Stream 7
MegaBlock padded and reorder tokens [157.965 μs],47.6856s,157.965 μs,457618,GPU 0,Stream 7
MegaBlock generate topo [497.020 μs],47.6858s,497.020 μs,457618,GPU 0,Stream 7
MegaBlock mlp forward [1.494 ms],47.6866s,1.494 ms,457618,GPU 0,Stream 7
MegaBlock reorder and remove padding [16.727 μs],47.6881s,16.727 μs,457618,GPU 0,Stream 7
MegaSparse generate indices [46.152 μs],47.6881s,46.152 μs,457618,GPU 0,Stream 7
MegaSparse generate topo [159.149 μs],47.6881s,159.149 μs,457618,GPU 0,Stream 7
MegaSparse mlp forward [487.265 μs],47.6884s,487.265 μs,457618,GPU 0,Stream 7
MoE route [31.535 μs],47.6889s,31.535 μs,457618,GPU 0,Stream 7
MegaBlock generate indices [348.906 μs],47.689s,348.906 μs,457618,GPU 0,Stream 7
MegaBlock padded and reorder tokens [179.043 μs],47.6894s,179.043 μs,457618,GPU 0,Stream 7
MegaBlock generate topo [506.870 μs],47.6896s,506.870 μs,457618,GPU 0,Stream 7
MegaBlock mlp forward [1.495 ms],47.6904s,1.495 ms,457618,GPU 0,Stream 7
MegaBlock reorder and remove padding [16.088 μs],47.6919s,16.088 μs,457618,GPU 0,Stream 7
MegaSparse generate indices [46.599 μs],47.6919s,46.599 μs,457618,GPU 0,Stream 7
MegaSparse generate topo [163.466 μs],47.692s,163.466 μs,457618,GPU 0,Stream 7
MegaSparse mlp forward [488.160 μs],47.6923s,488.160 μs,457618,GPU 0,Stream 7
MoE route [31.503 μs],47.6928s,31.503 μs,457618,GPU 0,Stream 7
MegaBlock generate indices [303.745 μs],47.6928s,303.745 μs,457618,GPU 0,Stream 7
MegaBlock padded and reorder tokens [158.317 μs],47.6932s,158.317 μs,457618,GPU 0,Stream 7
MegaBlock generate topo [506.327 μs],47.6934s,506.327 μs,457618,GPU 0,Stream 7
MegaBlock mlp forward [1.488 ms],47.6942s,1.488 ms,457618,GPU 0,Stream 7
MegaBlock reorder and remove padding [16.184 μs],47.6957s,16.184 μs,457618,GPU 0,Stream 7
MegaSparse generate indices [45.544 μs],47.6957s,45.544 μs,457618,GPU 0,Stream 7
MegaSparse generate topo [159.021 μs],47.6957s,159.021 μs,457618,GPU 0,Stream 7
MegaSparse mlp forward [483.266 μs],47.696s,483.266 μs,457618,GPU 0,Stream 7
MoE route [31.536 μs],47.6965s,31.536 μs,457618,GPU 0,Stream 7
MegaBlock generate indices [332.050 μs],47.6965s,332.050 μs,457618,GPU 0,Stream 7
MegaBlock padded and reorder tokens [156.174 μs],47.697s,156.174 μs,457618,GPU 0,Stream 7
MegaBlock generate topo [501.209 μs],47.6971s,501.209 μs,457618,GPU 0,Stream 7
MegaBlock mlp forward [1.489 ms],47.6979s,1.489 ms,457618,GPU 0,Stream 7
MegaBlock reorder and remove padding [16.151 μs],47.6994s,16.151 μs,457618,GPU 0,Stream 7
MegaSparse generate indices [45.608 μs],47.6994s,45.608 μs,457618,GPU 0,Stream 7
MegaSparse generate topo [158.605 μs],47.6995s,158.605 μs,457618,GPU 0,Stream 7
MegaSparse mlp forward [487.329 μs],47.6998s,487.329 μs,457618,GPU 0,Stream 7
MoE route [32.335 μs],47.7003s,32.335 μs,457618,GPU 0,Stream 7
MegaBlock generate indices [322.967 μs],47.7003s,322.967 μs,457618,GPU 0,Stream 7
MegaBlock padded and reorder tokens [163.466 μs],47.7007s,163.466 μs,457618,GPU 0,Stream 7
MegaBlock generate topo [496.604 μs],47.7009s,496.604 μs,457618,GPU 0,Stream 7
MegaBlock mlp forward [1.489 ms],47.7017s,1.489 ms,457618,GPU 0,Stream 7
MegaBlock reorder and remove padding [16.184 μs],47.7032s,16.184 μs,457618,GPU 0,Stream 7
MegaSparse generate indices [46.120 μs],47.7032s,46.120 μs,457618,GPU 0,Stream 7
MegaSparse generate topo [170.150 μs],47.7032s,170.150 μs,457618,GPU 0,Stream 7
MegaSparse mlp forward [483.906 μs],47.7035s,483.906 μs,457618,GPU 0,Stream 7
MoE route [34.318 μs],47.704s,34.318 μs,457618,GPU 0,Stream 7
MegaBlock generate indices [302.337 μs],47.7041s,302.337 μs,457618,GPU 0,Stream 7
MegaBlock padded and reorder tokens [163.115 μs],47.7045s,163.115 μs,457618,GPU 0,Stream 7
MegaBlock generate topo [493.565 μs],47.7047s,493.565 μs,457618,GPU 0,Stream 7
MegaBlock mlp forward [1.494 ms],47.7054s,1.494 ms,457618,GPU 0,Stream 7
MegaBlock reorder and remove padding [16.087 μs],47.7069s,16.087 μs,457618,GPU 0,Stream 7
MegaSparse generate indices [47.431 μs],47.707s,47.431 μs,457618,GPU 0,Stream 7
MegaSparse generate topo [177.731 μs],47.707s,177.731 μs,457618,GPU 0,Stream 7
MegaSparse mlp forward [488.032 μs],47.7073s,488.032 μs,457618,GPU 0,Stream 7
MoE route [31.439 μs],47.7078s,31.439 μs,457618,GPU 0,Stream 7
MegaBlock generate indices [302.562 μs],47.7078s,302.562 μs,457618,GPU 0,Stream 7
MegaBlock padded and reorder tokens [157.581 μs],47.7082s,157.581 μs,457618,GPU 0,Stream 7
MegaBlock generate topo [487.201 μs],47.7084s,487.201 μs,457618,GPU 0,Stream 7
MegaBlock mlp forward [1.494 ms],47.7092s,1.494 ms,457618,GPU 0,Stream 7
MegaBlock reorder and remove padding [16.535 μs],47.7107s,16.535 μs,457618,GPU 0,Stream 7
MegaSparse generate indices [45.576 μs],47.7107s,45.576 μs,457618,GPU 0,Stream 7
MegaSparse generate topo [173.861 μs],47.7108s,173.861 μs,457618,GPU 0,Stream 7
MegaSparse mlp forward [486.689 μs],47.7111s,486.689 μs,457618,GPU 0,Stream 7
MoE route [29.488 μs],47.7116s,29.488 μs,457618,GPU 0,Stream 7
MegaBlock generate indices [293.191 μs],47.7116s,293.191 μs,457618,GPU 0,Stream 7
MegaBlock padded and reorder tokens [173.349 μs],47.712s,173.349 μs,457618,GPU 0,Stream 7
MegaBlock generate topo [508.277 μs],47.7122s,508.277 μs,457618,GPU 0,Stream 7
MegaBlock mlp forward [1.487 ms],47.713s,1.487 ms,457618,GPU 0,Stream 7
MegaBlock reorder and remove padding [15.704 μs],47.7145s,15.704 μs,457618,GPU 0,Stream 7
MegaSparse generate indices [49.478 μs],47.7145s,49.478 μs,457618,GPU 0,Stream 7
MegaSparse generate topo [160.844 μs],47.7145s,160.844 μs,457618,GPU 0,Stream 7
MegaSparse mlp forward [483.811 μs],47.7148s,483.811 μs,457618,GPU 0,Stream 7
MoE route [31.503 μs],47.7153s,31.503 μs,457618,GPU 0,Stream 7
MegaBlock generate indices [305.344 μs],47.7153s,305.344 μs,457618,GPU 0,Stream 7
MegaBlock padded and reorder tokens [156.974 μs],47.7157s,156.974 μs,457618,GPU 0,Stream 7
MegaBlock generate topo [501.242 μs],47.7159s,501.242 μs,457618,GPU 0,Stream 7
MegaBlock mlp forward [1.496 ms],47.7167s,1.496 ms,457618,GPU 0,Stream 7
MegaBlock reorder and remove padding [16.215 μs],47.7182s,16.215 μs,457618,GPU 0,Stream 7
MegaSparse generate indices [46.151 μs],47.7182s,46.151 μs,457618,GPU 0,Stream 7
MegaSparse generate topo [163.882 μs],47.7183s,163.882 μs,457618,GPU 0,Stream 7
MegaSparse mlp forward [486.753 μs],47.7186s,486.753 μs,457618,GPU 0,Stream 7
MoE route [32.367 μs],47.7191s,32.367 μs,457618,GPU 0,Stream 7
MegaBlock generate indices [314.108 μs],47.7191s,314.108 μs,457618,GPU 0,Stream 7
MegaBlock padded and reorder tokens [156.270 μs],47.7195s,156.270 μs,457618,GPU 0,Stream 7
MegaBlock generate topo [497.980 μs],47.7197s,497.980 μs,457618,GPU 0,Stream 7
MegaBlock mlp forward [1.483 ms],47.7205s,1.483 ms,457618,GPU 0,Stream 7
MegaBlock reorder and remove padding [16.056 μs],47.722s,16.056 μs,457618,GPU 0,Stream 7
MegaSparse generate indices [45.320 μs],47.722s,45.320 μs,457618,GPU 0,Stream 7
MegaSparse generate topo [170.663 μs],47.722s,170.663 μs,457618,GPU 0,Stream 7
MegaSparse mlp forward [487.041 μs],47.7223s,487.041 μs,457618,GPU 0,Stream 7
MoE route [31.407 μs],47.7228s,31.407 μs,457618,GPU 0,Stream 7
MegaBlock generate indices [335.729 μs],47.7229s,335.729 μs,457618,GPU 0,Stream 7
MegaBlock padded and reorder tokens [155.855 μs],47.7233s,155.855 μs,457618,GPU 0,Stream 7
MegaBlock generate topo [497.915 μs],47.7235s,497.915 μs,457618,GPU 0,Stream 7
MegaBlock mlp forward [1.485 ms],47.7242s,1.485 ms,457618,GPU 0,Stream 7
MegaBlock reorder and remove padding [16.087 μs],47.7257s,16.087 μs,457618,GPU 0,Stream 7
MegaSparse generate indices [46.151 μs],47.7258s,46.151 μs,457618,GPU 0,Stream 7
MegaSparse generate topo [165.161 μs],47.7258s,165.161 μs,457618,GPU 0,Stream 7
MegaSparse mlp forward [485.090 μs],47.7261s,485.090 μs,457618,GPU 0,Stream 7
